,Player,PPR_Projected_2023
1694,Patrick Mahomes,415.8938186799195
1178,Josh Allen,394.57159490177185
948,Jalen Hurts,377.2394423066335
126,Austin Ekeler,371.7871672803726
1229,Justin Jefferson,366.72351911452046
385,Christian McCaffrey,357.21000274651
1092,Joe Burrow,351.91271972556825
2148,Tyreek Hill,348.65236092963966
541,Davante Adams,334.3975967852228
1190,Josh Jacobs,328.59101347622686
76,Andrew Luck,326.766199568825
2083,Travis Kelce,316.44592447451697
1943,Stefon Diggs,314.883843987362
809,Geno Smith,305.4508175495169
637,Derrick Henry,301.8683777065803
0,A.J. Brown,300.90169854915365
312,CeeDee Lamb,300.45148141716163
2101,Trevor Lawrence,295.4478294884261
1221,Justin Fields,295.33933373570966
1338,Kirk Cousins,292.3502939053411
501,Daniel Jones,287.939301848914
1892,Saquon Barkley,284.8703993670057
1650,Nick Chubb,283.54567622143173
989,Jared Goff,283.25741521279923
1226,Justin Herbert,280.9191178320015
2044,Tom Brady,270.5509915863908
63,Amon-Ra St. Brown,270.0194767274372
290,Calvin Johnson,261.80038018813235
1023,Jaylen Waddle,260.53606553129947
597,DeVonta Smith,254.88362448205697
12,Aaron Jones,247.87609280512788
1777,Rhamondre Stevenson,247.87080280410242
2066,Tony Pollard,246.82200390485283
60,Amari Cooper,244.81669449412794
902,Ja'Marr Chase,243.43885370592446
1714,Philip Rivers,239.9681842312185
476,Dalvin Cook,239.35604910010863
14,Aaron Rodgers,239.09906959921025
384,Christian Kirk,239.0078996636453
1098,Joe Mixon,238.1793307907325
1381,Lamar Jackson,238.0935138096348
2140,Tyler Lockett,235.03639616593563
2120,Tua Tagovailoa,229.42164317209605
189,Brandon Aiyuk,227.92620448626286
2016,Terry McLaurin,227.71179730396494
464,D.K. Metcalf,227.452819594533
1589,Mike Evans,226.0068945651066
1415,Leonard Fournette,225.96211443694304
960,Jamaal Williams,225.6521297796718
1846,Russell Wilson,225.58896058328358
2009,Terrell Owens,225.3653472735477
358,Chris Godwin,224.4204562856153
1631,Najee Harris,223.93226946697925
2002,Tee Higgins,223.52807190111633
552,David Garrard,222.6362254819247
2061,Tony Gonzalez,220.69794520701643
151,Ben Roethlisberger,218.12116826372917
629,Derek Carr,217.68876779324762
1611,Miles Sanders,214.9736307570127
1968,T.J. Hockenson,214.91439597343066
799,Garrett Wilson,214.89452881766596
1569,Michael Pittman Jr.,213.6993273935156
58,Alvin Kamara,212.4111169755217
707,Drew Brees,207.72896277924764
1078,Jerry Jeudy,204.5154010189017
2080,Travis Etienne,203.716745397643
1299,Kenneth Walker III,202.99797979936548
965,James Conner,202.21774062809848
415,Colin Kaepernick,199.81021511644704
427,Cooper Kupp,199.52856440639073
813,George Kittle,199.51365208317358
1367,Kyler Murray,199.50428972911402
471,Dak Prescott,199.05746757533586
461,D.J. Moore,198.7336375823401
372,Chris Olave,198.53357635534815
2212,Zay Jones,197.7101030591306
1467,Marcus Mariota,197.1724011354125
1507,Matt Asiata,195.79258896907078
1060,Jerick McKinnon,194.4763728227624
1476,Mark Andrews,194.12429394740747
970,James Jones,193.55842932431878
453,D'Andre Swift,191.98550776671144
771,Ezekiel Elliott,185.0916305499744
1205,JuJu Smith-Schuster,183.9637098612525
571,Davis Mills,182.3585193150048
1842,Rueben Randle,180.67196767143395
1960,Steve Smith Sr.,180.45359816529088
944,Jakobi Meyers,179.54488528908274
766,Evan Engram,179.3151283132621
676,Diontae Johnson,178.89940994001896
19,Adam Thielen,178.8231982455188
558,David Montgomery,178.51083538617547
705,Drake London,178.37630853648585
1575,Michael Turner,177.93694841482986
1607,Mike Williams,177.63389045037644
657,Devin Singletary,177.3754380355372
450,Curtis Samuel,177.32304038040223
1765,Ray Rice,177.09435944986365
1360,Kyle Orton,175.57702026486712
52,Allen Lazard,173.6699276546138
79,Andy Dalton,173.0102793816804
83,Anquan Boldin,172.84634356789505
589,DeMarco Murray,172.65822072921247
1441,Mac Jones,171.10501298124453
916,Jacoby Brissett,170.74478556723463
602,Deebo Samuel,170.2880703698237
791,Gabriel Davis,169.7377719393134
1802,Rob Gronkowski,169.4137001701891
1196,Josh Palmer,167.5304690022915
618,Dennis Pitta,167.4936713759345
695,Donovan Peoples-Jones,167.15806413837205
2129,Tyler Boyd,166.75686371321922
814,George Pickens,166.59099694006602
1741,Raheem Mostert,166.04467001484667
106,Antonio Gibson,165.4554442492245
6,AJ Dillon,165.40395342360057
387,Christian Watson,165.13635157523913
480,Dameon Pierce,165.0566548123746
1267,Keenan Allen,164.7201884457736
2042,Todd Gurley,163.72194563469503
1086,Jimmy Garoppolo,163.71370322781988
1868,Ryan Tannehill,161.34410851724675
1019,Jay Cutler,158.268595647586
1039,Jeff Wilson,158.24859296593135
441,Courtland Sutton,157.90871221341254
2127,Tyler Allgeier,157.7738555818678
1495,Marquise Brown,156.80615080368904
1171,Jordy Nelson,156.80615080368904
2030,Tim Patrick,156.7425810062989
1240,K.J. Osborn,156.5432404219968
1523,Matt Ryan,156.2261732627359
1443,Mack Hollins,155.04344132200316
1397,Latavius Murray,154.8115788234342
429,Cordarrelle Patterson,154.33430114941982
1774,Reggie Wayne,153.54726907724157
584,DeAndre Hopkins,153.3830383540737
1303,Kenny Pickett,150.88948551243925
1776,Rex Grossman,149.72440770999765
2136,Tyler Higbee,149.44335221712504
410,Cole Kmet,149.1301303547539
1687,Parris Campbell,147.80769516044612
1688,Pat Freiermuth,147.37810824106492
1996,Taysom Hill,147.04463761567737
1145,Jonathan Taylor,146.17408182038452
664,Devonta Freeman,145.91009604164648
188,Brandin Cooks,144.74585579008166
1861,Ryan Mathews,144.2405634940231
1755,Rashard Mendenhall,144.1167899304248
492,Danario Alexander,143.80567077710847
703,Doug Baldwin,143.54422679645268
665,Devontae Booker,143.2173584747957
562,David Njoku,143.1715557876037
475,Dalton Schultz,142.7164253579687
473,Dallas Goedert,142.42581391049265
292,Cam Akers,142.2067835823172
1884,Samaje Perine,142.20656906178687
878,Isaiah Crowell,141.76603881573865
1739,Rachaad White,140.58227157207637
68,Andre Holmes,138.4585140522402
1639,Nate Washington,138.1422386894526
818,Gerald Everett,137.9622410201606
1751,Rashad Jennings,137.07974663890207
1679,Orleans Darkwa,136.42248865721984
1235,Juwan Johnson,135.89901189124848
574,Dawson Knox,135.89901189124848
889,Isiah Pacheco,135.65083833618576
750,Emmanuel Sanders,133.72868119640827
1372,LaDainian Tomlinson,133.4726709559335
1789,Richie James,133.3523536084763
988,Jared Cook,133.26788811994967
2132,Tyler Conklin,133.24424251240427
857,Heath Miller,129.44613583112158
455,D'Onta Foreman,129.40259265399013
803,Gary Barnidge,129.37272317190613
11,Aaron Hernandez,129.23116415415652
1674,Odell Beckham Jr.,129.11928474091255
924,Jahan Dotson,129.1133106567261
521,Darius Slayton,129.0240865070333
1254,Kareem Hunt,128.0709093222459
2028,Tim Hightower,127.70380243303813
1555,Michael Carter,127.53498456301202
1290,Kendall Wright,123.17689687054109
1843,Russell Gage,122.64223762357527
139,Baker Mayfield,122.44002026574505
1255,Karlos Williams,121.80237660234248
1514,Matt Forte,121.06623609949129
1668,Noah Fant,120.74934004153731
1491,Marquez Valdes-Scantling,120.6778827421021
704,Doug Martin,119.82603843934739
155,BenJarvus Green-Ellis,118.50939163664125
882,Isaiah McKenzie,118.21282304518874
102,Antonio Brown,118.19171156820678
2092,Trent Richardson,117.76367607749195
1488,Marques Colston,117.6981366923357
1129,Johnny Knox,117.50722193967901
653,Devin Duvernay,116.96893865755658
1502,Marvin Jones,116.77791520252279
1332,Khalil Herbert,116.5284994583086
2198,Zach Ertz,116.44474400245895
1149,Jordan Akins,116.38868388494781
1682,Owen Daniels,116.33516352638833
1250,Kalif Raymond,116.30285466050918
753,Eric Decker,116.23163365986957
1815,Robert Woods,116.1169056681027
369,Chris Moore,116.00490507455875
1667,Noah Brown,115.75056130195972
1993,Taylor Heinicke,115.3958601515535
222,Breece Hall,115.27794725678498
655,Devin Hester,115.01937512736137
925,Jahvid Best,114.66992251538399
832,Greg Dortch,113.75914167283798
306,Carson Wentz,113.64590211984407
1956,Steve Johnson,113.14297253878107
583,DeAndre Carter,113.10445689551355
34,Alec Pierce,112.98557993642635
1813,Robert Tonyan,112.98557993642635
242,Brian Robinson Jr.,112.12063851170876
1676,Olamide Zaccheaus,111.35429693690185
1917,Shaun Draughn,110.83311882836931
234,Brian Hartline,109.55493353172257
1534,Matthew Stafford,109.22847319179202
689,Donald Jones,106.9758318079524
255,Brock Purdy,106.51440956958785
966,James Cook,104.62072098663043
1563,Michael Gallup,104.1312929389276
1056,Jeremy Shockey,103.7897285631375
1077,Jerricho Cotchery,103.73941104650476
854,Hayden Hurst,103.6914540110274
1197,Josh Reynolds,103.64408093256414
1329,Kevin Walter,103.6331777673782
863,Hunter Henry,103.48668833020942
1306,Kenyan Drake,103.33588045400803
608,Demarcus Robinson,103.16316514877525
338,Chase Claypool,103.13468832054645
1052,Jeremy Maclin,102.8543405491017
595,DeVante Parker,102.64957486828372
1450,Malcom Floyd,102.38432793049876
522,Darnell Mooney,102.3756297786306
1826,Romeo Doubs,102.34221458131604
2164,Victor Cruz,101.74833127373633
1759,Rashid Shaheed,101.07929977267659
588,DeAngelo Williams,100.99192690574142
880,Isaiah Hodgins,100.89114409740742
1393,Larry Fitzgerald,100.72489076929325
1838,Roy Williams,100.71408628859176
1821,Roddy White,100.49806319776812
305,Carson Palmer,99.85904265735246
780,Frank Gore,99.71193020855853
2206,Zach Wilson,99.57402259636795
396,Clyde Edwards-Helaire,99.46468397097371
226,Brett Favre,98.78255514674811
47,Alfred Blue,98.71430987529791
1213,Julius Thomas,97.61640730888664
1590,Mike Gesicki,97.56480060090308
2036,Titus Young,97.5027099233632
348,Chigoziem Okonkwo,97.41164162806865
465,DJ Chark,97.41164162806865
1567,Michael Jenkins,97.34246221923351
1663,Nico Collins,97.34246221923351
433,Corey Davis,97.34246221923351
127,Austin Hooper,97.19597278206473
1448,Malcolm Mitchell,96.68158871402804
1130,Johnny Manziel,95.83098649935044
246,Brian Westbrook,95.82385259589009
1024,Jaylen Warren,94.48468434917852
65,Andre Brown,94.28769252006158
2112,Treylon Burks,92.99233794204083
861,Hines Ward,92.63738974884394
1546,Mecole Hardman,92.39761229488697
1710,Peyton Manning,92.38863535338672
1540,Maurice Morris,91.61502720591741
1005,Jason Snelling,91.37745495216929
2035,Tiquan Underwood,90.79124870409099
285,Cade Otton,90.55617545700878
1515,Matt Hasselbeck,90.51733420875277
1496,Marquise Goodwin,90.49542325724558
881,Isaiah Likely,90.3295294189985
1825,Roger Lewis,90.16902321865933
1992,Taylor Gabriel,90.16338568885145
1747,Randy Moss,89.92914104563388
175,Bo Scaife,89.8878517567999
573,Davone Bess,89.80227445633456
482,Damien Harris,89.73539918188722
1633,Nate Burleson,89.72497163269608
974,James Robinson,89.50899435034235
736,Eddie Royal,88.97928013067774
751,Eno Benjamin,88.76797484863388
745,Elijah Moore,88.70877537790435
1291,Kendrick Bourne,88.59371095249828
1828,Rondale Moore,88.49480659405043
1298,Kenneth Gainwell,88.39503311180209
439,Correll Buckhalter,88.16616514575553
45,Alexander Mattison,88.07744838641048
389,Chuba Hubbard,87.85604301787451
701,Dorial Green-Beckham,87.68925992150008
1548,Melvin Gordon,87.64132506506357
293,Cam Newton,87.62925507262148
743,Elijah McGuire,87.54845530213474
833,Greg Dulcich,87.5427704843313
828,Golden Tate,87.4844942406821
67,Andre Ellington,87.39980735879833
1880,Sam Darnold,87.3976378456183
2182,Will Dissly,87.31561344637274
777,Foster Moreau,87.00568652286518
1407,LeGarrette Blount,86.88782471265857
623,Deon Jackson,86.5169732838037
531,Darren Waller,85.39417386056759
1474,Marion Barber III,85.12095099394693
644,Deshaun Watson,85.09955124862519
54,Allen Robinson,85.07868559147678
1389,Lance Moore,84.89421995471979
860,Henry Ruggs III,84.8432992944121
609,Demaryius Thomas,84.78961607426517
152,Ben Skowronek,84.69707475323797
920,Jacquizz Rodgers,84.62020609947348
1913,Shane Vereen,84.59957460549725
51,Allen Hurns,84.58314480944834
1729,Quez Watkins,84.54160163001066
1324,Kevin Kolb,84.4307038062255
1661,Nick Westbrook-Ikhine,83.38108387016958
1281,Kellen Winslow,83.22369126781486
472,Dallas Clark,83.18214808837718
2093,Trent Sherfield,83.16541502416565
75,Andrew Hawkins,83.12387184472797
2134,Tyler Eifert,82.95727613933732
2004,Terrace Marshall Jr.,82.83480232751636
1009,Jauan Jennings,82.83480232751636
728,Earl Bennett,82.67207613095134
2103,Trey Burton,82.62714785391138
1744,Randall Cobb,81.21974898245935
1672,Nyheim Hines,81.15871644375274
894,J.K. Dobbins,80.00679794351649
1063,Jermaine Kearse,79.42964556275378
785,Fred Jackson,78.74084386677887
865,Hunter Renfrow,78.67943723145426
2156,Van Jefferson,78.35865117381293
908,Jack Doyle,78.34177517617735
16,Adam Humphries,78.29484536784035
699,Dontrell Hilliard,77.97053984447415
2118,Troy Smith,77.88939386654131
365,Chris Ivory,77.77823168717843
1416,Leonard Hankerson,76.4422953510919
1775,Rex Burkhead,76.34570935601377
1737,Quinton Patton,76.288657845029
1362,Kyle Pitts,76.28490274873718
1426,Logan Thomas,76.197846440891
1218,Justin Blackmon,76.14402273084436
1109,John Carlson,75.76641861712007
105,Antonio Gates,75.73861568423513
153,Ben Tate,75.66985386865262
1645,Nelson Agholor,75.24087930730195
494,Daniel Bellinger,74.83515581390877
1792,Ricky Williams,74.57161051246949
341,Chase Edmonds,74.40127109800507
526,Darrell Henderson,74.36373795657431
1053,Jeremy McNichols,74.16728668166759
1613,Mitchell Trubisky,73.83957051766883
1161,Jordan Reed,73.61896788875633
1175,Joseph Randle,73.55722912589741
1042,Jelani Woods,73.35621732555117
196,Brandon Coleman,73.15566469907733
1173,Joseph Addai,72.99137241863544
1893,Scott Chandler,72.69297155448838
1065,Jermichael Finley,72.42101788824729
330,Charles Sims,72.23899170113967
718,Dustin Keller,72.1954776590719
291,Calvin Ridley,72.06526119162037
375,Chris Polk,72.00432699831595
1401,Laviska Shenault Jr.,71.9576167148625
42,Alex Smith,71.51254045359406
984,Jamycal Hasty,70.8712850232627
1283,Kelvin Benjamin,70.44495203661997
961,Jamal Agnew,70.27702120294954
407,Colby Parkinson,70.186249412138
1209,Julio Jones,70.1477667867359
1669,Noah Gray,70.0590974047252
1791,Ricky Seals-Jones,69.69589747498597
504,Danny Amendola,69.6676762188198
38,Alex Collins,68.969944277475
722,Dwayne Haskins,67.61557356522131
2146,Tyquan Thornton,66.98442859264316
32,Aldrick Robinson,66.97313131950612
1284,Kelvin Harmon,66.95036983327878
1313,Kerwynn Williams,66.6260326115184
254,Brock Osweiler,66.60514217713498
1797,Riley Cooper,66.47172135328687
510,Dante Pettis,66.22949514730271
404,Cody Latimer,66.11919969031092
345,Chaz Schilens,65.871851082507
2208,Zack Moss,65.3870114244386
936,Jake Locker,65.32066021983823
1202,Joshua Kelley,65.23375492600825
730,Earnest Graham,63.94520752156692
1379,Ladell Betts,63.4080810750168
752,Equanimeous St. Brown,63.402143344966916
357,Chris Givens,63.22985608977253
256,Brock Wright,63.09146572887734
2096,Trenton Irwin,63.06706815776929
2121,Tutu Atwell,63.03316271278543
694,Donovan McNabb,63.02595095691143
1780,Ricardo Louis,62.77096974622003
1702,Paul Richardson,62.73850670566884
399,Coby Fleener,62.66108758688028
198,Brandon Gibson,62.5457242831956
286,Cadillac Williams,62.38724506450695
1948,Stephen Hill,62.30520812427027
470,DaeSean Hamilton,62.17320818513762
1922,Shi Smith,61.88811269773115
1222,Justin Forsett,61.7175001236405
991,Jarett Dillard,61.702214203239585
1252,Kapri Bibbs,61.61318437177419
1509,Matt Breida,60.866242208211986
915,Jacob Tamme,60.80212931110898
3,A.J. Green,60.78228278458548
650,Devery Henderson,60.725387064725865
851,Harrison Bryant,60.654478714324775
2106,Trey McBride,60.60203968613455
1366,Kylen Granson,60.42697990183822
1010,Javarris James,60.041108651256344
2213,Zonovan Knight,59.60264859927273
1989,Tavarres King,59.22066651306348
975,James Starks,59.203499852787196
1234,Justin Watson,58.78558295671245
260,Bruce Ellington,58.62268692586953
997,Jarvis Landry,58.58641079214579
1499,Martellus Bennett,58.5059033852224
1719,Pierre Garcon,58.49431743759662
1766,Ray-Ray McCloud,58.485341088498004
1538,Maurice Harris,58.46379003603968
509,Danny Woodhead,58.39561854073838
168,Bishop Sankey,58.365884186454856
430,Corey Brown,57.91700712008958
674,Dion Lewis,57.91388292780942
1300,Kenny Britt,57.77956054613118
264,Bryan Walters,57.752362738621315
99,Antoine Wesley,57.74113082900547
1244,Kadarius Toney,57.71288497276152
2020,Thaddeus Lewis,57.469139804642026
2193,Willis McGahee,57.44631466835947
218,Braxton Berrios,57.35445268279748
109,Antwaan Randle El,57.29636309569765
1054,Jeremy Ross,57.27507576375915
845,Gus Edwards,56.91781638479927
283,C.J. Uzomah,56.89004243409153
992,Jarius Wright,56.83693124917214
643,Derrius Guice,56.805870224970796
1206,Julian Edelman,56.709339497466885
1288,Kendall Hinton,56.491594328760335
636,Derrick Gore,56.33789164330788
115,Armon Binns,56.14166560569187
2024,Thomas Jones,56.03635768599739
1606,Mike White,55.99312042858316
503,Daniel Thomas,55.30946591210331
2191,William Powell,55.279116553898106
428,Cooper Rush,54.84459122653334
2202,Zach Miller,54.51273311852959
1625,MyCole Pruitt,54.50787279100941
1378,Ladarius Green,54.46928842085351
871,Irv Smith Jr.,54.33957594063014
342,Chase Ford,54.33145814667745
605,Delanie Walker,54.31587892564795
892,J.D. McKissic,54.199788515477124
1924,Sidney Rice,54.12425427383728
1615,Mo Alie-Cox,53.985676324604846
840,Greg Olsen,53.82036117151704
1358,Kyle Juszczyk,53.820044067783776
233,Brian Finneran,53.789017374942816
62,Ameer Abdullah,53.730654093550505
1978,Tandon Doss,53.705332371424355
309,Cedric Benson,53.642237535412455
2011,Terrelle Pryor,53.641125298628744
1223,Justin Gage,53.63470440973278
443,Craig Davis,53.59842827600904
1761,Rashod Bateman,53.58336174667881
1414,Leon Washington,53.55665865515111
2090,Tre'Quan Smith,53.4015740831274
1554,Michael Campanaro,53.3710236442191
740,Eli Manning,53.13057697220606
1296,Kenneth Dixon,53.05366045104069
1553,Michael Bush,53.04441391106378
2055,Tommy Tremble,53.00939603141328
349,Chosen Anderson,52.929024603952826
2048,Tom Savage,52.71369742739671
1690,Patrick Crayton,52.68957472236167
141,Beanie Wells,52.61293155657342
1923,Shonn Greene,52.60885748955877
1228,Justin Jackson,52.33312005953295
2087,Tre Mason,52.28956115731361
1715,Phillip Dorsett,51.85496678993061
484,Damiere Byrd,51.742802514360505
1163,Jordan Shipley,51.55083717745748
2174,Wan'Dale Robinson,51.45493884918155
1749,Rashaad Penny,51.44926715242654
1148,Jonnu Smith,51.38898584239972
1990,Tavon Austin,51.29733500599314
662,Devlin Hodges,51.24324456939543
709,Drew Lock,51.07597273863805
1107,John Beck,50.64306117709769
1604,Mike Tolbert,50.44951461669457
2137,Tyler Huntley,50.40568888459708
711,Drew Stanton,50.178176128127056
513,Dare Ogunbowale,50.121975361950284
1574,Michael Thomas,50.02672172416902
1087,Jimmy Graham,49.98841291327762
2072,Torrey Smith,49.98421005606455
1479,Mark Ingram,49.89706085463407
1311,Kerry Taylor,49.79661552922663
631,Derek Hagan,49.79661552922663
1707,Peyton Barber,49.56628277579688
729,Early Doucet,49.51180821963769
972,James O'Shaughnessy,49.389275946823766
314,Chad Beebe,49.106795372877194
200,Brandon Jacobs,48.709384928163594
204,Brandon Lloyd,48.55757723667995
318,Chad Johnson,48.31947782416285
327,Charles Clay,48.17458031994464
1630,Naaman Roosevelt,48.116304076295435
353,Chris Chambers,48.05887836114508
931,Jake Ferguson,48.05432862562442
30,Albert Wilson,48.01296580168931
1977,Tajae Sharpe,47.97591193139792
1094,Joe Flacco,47.8651515746422
993,Jaron Brown,47.62333811282764
209,Brandon Powell,47.549297274076366
518,Darius Johnson,47.353198555365125
1399,Laurent Robinson,47.079776851868935
601,DeeJay Dallas,46.78872438454009
352,Chris Carson,46.77298138994767
1888,Sammy Watkins,46.56330574324152
302,Carlos Hyde,46.24250438487345
886,Isaiah Wright,46.04149411780419
733,Ed Dickson,45.872528315999794
184,Brady Quinn,45.84985646765409
451,Cyril Grayson,45.84642828888542
708,Drew Davis,45.83026539441894
469,Da'Rick Rogers,45.83026539441894
316,Chad Hansen,45.7455754771074
1295,Kenneth Darby,45.7001500016667
835,Greg Jennings,45.651873628233304
700,Dontrelle Inman,45.625323782787184
20,Adam Trautman,45.51329567900087
544,David Bell,45.476813843936974
179,Boston Scott,45.18355547524225
687,Donald Brown,45.138978264801715
288,Caleb Huntley,45.114535124568455
1498,Martavis Bryant,44.90385836432086
394,Clinton Portis,44.89164262508494
1158,Jordan Norwood,44.52307739855503
963,Jameis Winston,44.04882934566574
220,Braylon Edwards,43.88262911284363
1626,Mychal Rivera,43.744051163611196
328,Charles Johnson,43.7075693285473
2082,Travis Homer,43.679696541082436
1929,Skyy Moore,43.51416123698264
1211,Julius Jones,43.10133269371941
2201,Zach Mettenberger,42.5396754287134
1015,Javontee Herndon,42.53463345164078
566,David Thomas,42.52450102721051
744,Elijah Mitchell,42.42966104578202
1481,Mark Walton,42.31650318511849
1217,Justice Hill,42.23530372520489
1014,Javonte Williams,42.17985457828297
121,Ashton Dulin,41.873332796289674
1740,Raheem Blackshear,41.86907041197441
995,Jarrett Stidham,41.765034974897745
1609,Miles Austin,41.76058484728259
1121,John Ross,41.73662256793457
1331,KhaDarel Hodge,41.69956869764317
343,Chastin West,41.64033315296237
2166,Vince Young,41.48323676073938
1616,Mohamed Massaquoi,41.391554075771126
1189,Josh Huff,41.33886922103561
1195,Josh Oliver,41.333365470216535
868,Ian Thomas,41.31520092209502
2123,Ty Johnson,41.30259401472
381,Chris Thompson,41.21129028508071
1894,Scott Miller,41.114841643435334
219,Braxton Miller,41.07688434038354
1778,Rhett Ellison,41.07414443439333
138,Bailey Zappe,40.3456758396825
942,Jakeem Grant,40.28627967700711
48,Alfred Morris,40.243974844855586
25,Ahmad Bradshaw,40.10519469310088
61,Amari Rodgers,40.057615192266105
1915,Shane Zylstra,40.017556373176745
1522,Matt Moore,39.94919787208467
403,Cody Kessler,39.481565538438815
1708,Peyton Hendershot,39.407319156318096
879,Isaiah Ford,39.1333884989286
1377,LaVon Brazill,39.1333884989286
717,Durham Smythe,38.86930983482613
33,Alec Ingold,38.622830737665375
203,Brandon LaFell,38.52624568312477
1468,Marcus Murphy,38.50557470917328
2185,Will Heller,38.49251189572026
1131,Johnny Mundt,38.49251189572026
1490,Marquez Callaway,38.43423565207106
1225,Justin Hardy,38.382110023635185
1406,Le'Veon Bell,38.31207721470956
1939,Stanley Havili,38.127259221222616
1685,P.J. Walker,38.104088580875356
646,Desmond Ridder,37.98275122977
298,Cameron Brate,37.94631161349107
1383,Lance Ball,37.84201171747271
2000,Teddy Bridgewater,37.81963883814688
957,Jalin Marshall,37.55687906718344
1619,Montee Ball,37.538910466828064
792,Gardner Minshew II,37.4293741995984
1297,Kenneth Farrow,37.189908678738924
1571,Michael Roberts,36.961170898059386
1485,Marlon Mack,36.887367559613644
1673,O.J. Howard,36.25501146011276
445,Craig Stevens,36.20131542421552
274,Byron Pringle,36.14303918056632
424,Connor Heyward,36.102421594033125
1282,Kelley Washington,36.02913197961131
1941,Stedman Bailey,36.02913197961131
2158,Velus Jones Jr.,36.00352186246368
468,Da'Rel Scott,35.93941996274435
1614,Mitchell Wilcox,35.85602499821061
837,Greg Lewis,35.84503401393632
2203,Zach Pascal,35.797748754561404
1743,Ramses Barden,35.76379662624292
713,DuJuan Harris,35.72927831655503
756,Eric Saubert,35.505301298188556
638,Derrick Mason,35.504828867283415
1675,Olabisi Johnson,35.37439444574032
1953,Sterling Shepard,35.3117615195182
1451,Malik Davis,35.30453581418008
1896,Scott Tolzien,35.174607530339415
1618,Montario Hardesty,34.99251241111683
1881,Sam Ehlinger,34.70235521148953
135,Avery Williams,34.52046312622868
1972,T.J. Yates,34.448556117599225
746,Elijhaa Penny,34.04011486198779
842,Greg Ward,33.96166123570688
347,Chester Taylor,33.797989469103015
761,Erik Swoope,33.79635601119497
1333,Khalil Shakir,33.26896022595409
1592,Mike Glennon,33.19049434019975
420,Colt McCoy,33.05276978108967
538,Darwin Thompson,33.00410659227542
949,Jalen Nailor,32.952738075302626
725,Dyami Brown,32.82357630133383
1085,Jimmy Clausen,32.768320038361196
154,Ben Watson,32.60607916439376
1801,River Cracraft,32.58280908365844
223,Brent Celek,32.556169973612946
1122,John Skelton,32.54986588027847
1285,Kenbrell Thompkins,32.54780292074456
1617,Mohamed Sanu,32.54780292074456
627,Deonte Thompson,32.54780292074456
2168,Vincent Jackson,32.54780292074456
1280,Kellen Moore,32.54319173307677
1594,Mike Hart,32.49223857640334
1969,T.J. Houshmandzadeh,32.45715575376438
1925,Silas Redd,32.45284372362613
163,Bilal Powell,32.33996273819697
2034,Tion Green,32.26880047425909
1141,Jonathan Grimes,32.221217553602166
448,Curtis Brinkley,32.18279664953144
1138,Jonas Gray,32.02889133788882
1153,Jordan Leggett,31.998736419401297
1033,Jeff Heuerman,31.998736419401297
1964,Steven Sims,31.997535787738336
754,Eric Ebron,31.836675446416123
174,Blake Jarwin,31.836675446416123
1007,Jason Witten,31.836675446416123
1156,Jordan Mason,31.407365888629904
692,Donnie Avery,31.256473186883767
1489,Marquess Wilson,31.157204525203486
444,Craig Reynolds,31.154394399195354
2117,Troy Niklas,31.1500386040164
1265,Keelan Cole,31.14545839626445
774,Felix Jones,31.133774933493914
206,Brandon Marshall,31.09176236036721
1998,Teagan Quitoriano,31.00048604560253
2199,Zach Gentry,30.91039102902078
1709,Peyton Hillis,30.887262186498027
1088,Jody Fortson,30.72529257981842
1403,Lawrence Cager,30.687039061901345
1106,John Bates,30.687039061901345
1657,Nick O'Leary,30.687039061901345
691,Donald Parham,30.687039061901345
907,Jace Sternberger,30.687039061901345
1369,Kyren Williams,30.672689291209835
1104,Joey Galloway,30.640419307080784
130,Austin Pettis,30.628762818252152
804,Gary Brightwell,30.49867729520415
619,Denzel Mims,30.44356511419915
651,Devin Aromashodu,30.44356511419915
1576,Michael Vick,30.434170044559554
1830,Ronnie Hillman,30.32762447253818
617,Dennis Johnson,30.32762447253818
2197,Zac Stacy,29.975084473950808
977,James White,29.897961214932614
279,C.J. Ham,29.81092149782033
66,Andre Caldwell,29.81092149782033
69,Andre Johnson,29.74797974212007
508,Danny Ware,29.59848360319428
1035,Jeff King,29.562535903073442
603,Deion Branch,29.55795569532149
2007,Terrance West,29.463117959289736
2100,Trevor Davis,29.322047682290286
287,Caleb Hanie,29.312553146850348
1689,Patrick Cobbs,29.037149214692125
757,Eric Tomlinson,28.981755937655894
2160,Vernon Davis,28.73998945417921
1561,Michael Floyd,28.681713210530017
1720,Pierre Strong,28.398950981344946
2033,Tim Wright,28.361976273183252
735,Eddie Lacy,28.340935152516003
1584,Mike Boone,28.262640141372643
937,Jake Luton,28.21887475041913
1408,LeSean McCoy,27.87037799583947
640,Derrick Ward,27.7367559686409
971,James Mitchell,27.693961025107036
90,Anthony Fasano,27.693961025107036
350,Chris Baker,27.631019269406774
150,Ben Patrick,27.566505371825095
998,Jason Avant,27.508229128175902
359,Chris Gragg,27.434075436414734
951,Jalen Reagor,27.429376018895457
2173,Walt Powell,27.37579919276554
1601,Mike Sims-Walker,27.37579919276554
9,Aaron Dobson,27.37579919276554
1164,Jordan Taylor,27.37579919276554
230,Brevin Jordan,27.3221031568683
1959,Steve Smith,27.3221031568683
278,C.J. Fiedorowicz,27.3221031568683
1392,Larry Donnell,27.100713401317012
308,Cecil Shorts,26.993870589542766
311,Cedrick Wilson Jr.,26.956337448112013
361,Chris Harper,26.940174553645527
426,Cooper Helfet,26.940174553645527
511,Dante Rosario,26.881590115702153
1431,Louis Murphy,26.861912498329637
23,Adrian Peterson,26.839348457763403
926,Jake Ballard,26.605832328622576
688,Donald Driver,26.52712798774892
2143,Tyler Palko,26.46526064495558
1147,Jonathan Williams,26.453655700753007
1459,Marcedes Lewis,26.42954400948701
1241,KJ Hamler,26.090838907559107
193,Brandon Bolden,25.938367597966135
1837,Roy Helu,25.880878305527713
1539,Maurice Jones-Drew,25.786466345823374
268,Bryce Petty,25.357697449273477
1064,Jermar Jefferson,25.1044820123388
1365,Kyle Williams,25.078687786160422
1629,N'Keal Harry,24.81489081350149
1932,Sony Michel,24.77149852978306
592,DeSean Jackson,24.732276009426425
1194,Josh Morgan,24.643058747870636
57,Alshon Jeffery,24.638602494365923
2161,Verran Tucker,24.638602494365923
853,Hassan Haskins,24.613338059260347
216,Brandon Williams,24.571161771841354
131,Austin Seferian-Jenkins,24.53622817140125
2135,Tyler Ervin,24.514599442513827
2149,Tyrell Sutton,24.514599442513827
299,Cameron Meredith,24.50825847725737
1872,Ryan Williams,24.504251320895218
211,Brandon Stokley,24.491218194835056
1404,Lawrence Vickers,24.491218194835056
397,Clyde Gates,24.491218194835056
1484,Marlon Brown,24.491218194835056
1711,Pharaoh Brown,24.491218194835056
1204,Josiah Deguara,24.491218194835056
1080,Jesse Holley,24.478061969860555
225,Breshad Perriman,24.23524830380756
1987,Tashard Choice,24.013253613944922
82,Andy Jones,23.987842446137787
29,Albert Okwuegbunam,23.987842446137787
1449,Malcolm Perry,23.924900690437525
2012,Terrence Austin,23.899776617619803
1470,Marcus Thigpen,23.688434937222475
1097,Joe McKnight,23.662001568588348
2157,Vance McDonald,23.438605042559438
1144,Jonathan Stupar,23.385360177187483
1981,Tanner Hudson,23.36707083179824
18,Adam Shaheen,23.32708393353829
909,Jack Stoll,23.31808990827203
2171,Vonta Leach,23.09877050532329
1203,Joshua Perkins,23.074375319809143
1425,Logan Paulsen,23.074375319809143
1242,Ka'Deem Carey,23.027433861622878
1809,Robert Hughes,22.957235625208416
690,Donald Lee,22.915678792797678
1983,Taquan Mizzell,22.903001146981232
1721,Pierre Thomas,22.90111545133379
2180,Wes Welker,22.826246778774035
1214,Junior Hemingway,22.826246778774035
978,James Wright,22.826246778774035
49,Alge Crumpler,22.811476197959966
1771,Reggie Bush,22.810564975991113
668,Dez Bryant,22.73277185708631
1446,Malcolm Brown,22.727103455328105
487,Dan Arnold,22.682816552120244
1624,Mossis Madu,22.67774370185909
1583,Mike Bell,22.67095214387514
981,Jamie Harper,22.653468791526436
952,Jalen Richard,22.603599274827427
810,Geoff Swaim,22.58785006081313
2088,Tre McBride,22.48755424081861
2047,Tom Kennedy,22.407610663812314
1125,Johnathan Franklin,22.37841925621994
112,Armando Allen,22.31094296425257
1341,Knowshon Moreno,22.17537667303637
1703,Paul Turner,21.762580865884466
418,Collin Johnson,21.42733568288219
1320,Kevin Elliott,21.42733568288219
1890,Santana Moss,21.42733568288219
565,David Sills,21.42733568288219
1037,Jeff Smith,21.424684916413035
523,Darrel Williams,21.339727627239316
431,Corey Clement,21.239601449012874
940,Jake Stoneburner,21.206102569268797
366,Chris Johnson,21.19057812096814
1126,Johnnie Lee Higgins,21.138067606908297
2018,Tevin Coleman,21.05674598161958
224,Brenton Bersin,20.93284178691504
490,Dan Herron,20.926671172004593
1412,Lee Smith,20.92248808285977
548,David Cobb,20.88200351962552
1628,Myles White,20.87029428531224
917,Jacoby Ford,20.868223331168764
634,Derek Watt,20.83078772812332
207,Brandon Myers,20.800227049339302
89,Anthony Dixon,20.799466975360623
1174,Joseph Fauria,20.772710307050332
1342,Ko Kieft,20.721522708465645
2115,Troy Fumagalli,20.721522708465645
542,David Anderson,20.721522708465645
1486,Marlon Moore,20.721522708465645
1570,Michael Preston,20.653490993979215
1044,Jeremiah Johnson,20.62696718086395
446,Crockett Gillmore,20.5935861586546
1772,Reggie Gilliam,20.5935861586546
265,Bryant Johnson,20.54523438933008
913,Jacob Hester,20.52638496842306
1301,Kenny Golladay,20.417297839519033
1351,Kristian Wilkerson,20.395764388653852
1966,Storm Johnson,20.38359651472039
1475,Marion Grice,20.29485610580137
1934,Spencer Larsen,20.220625184529183
1860,Ryan Mallett,20.173878329879187
784,Fred Davis,20.171453344764
1201,Joshua Dobbs,20.165485091649835
741,Eli Rogers,20.12203013568002
208,Brandon Pettigrew,20.092749003890344
370,Chris Myarick,20.092749003890344
1150,Jordan Cameron,20.04376808036413
1099,Joe Morgan,19.915121818299802
2119,Troymaine Pope,19.890277194655624
2,A.J. Feeley,19.87470735927621
435,Corey Grant,19.872421750448478
1839,Royce Freeman,19.849581892631093
572,Davis Webb,19.83338001470494
1666,Niles Paul,19.832762059706127
1695,Patrick Ricard,19.748515808065527
1835,Ross Dwelley,19.72441554185086
569,David Wilson,19.58635435879841
158,Benny Snell Jr.,19.502190631654933
684,Dominique Jones,19.482933754100902
841,Greg Salas,19.464702391088018
1549,Mewelde Moore,19.450113265733616
1419,Leonte Carroo,19.449322482592155
1735,Quintin Morris,19.449104850725078
134,Austin Walter,19.436466906485858
1454,Malik Willis,19.40925056628912
91,Anthony Firkser,19.40003011565184
1309,Kerry Collins,19.37249518139585
547,David Clowney,19.360396267420565
1974,T.Y. Hilton,19.360396267420565
1304,Kenny Stills,19.35562635849155
245,Brian Tyms,19.273717325768644
1889,Samori Toure,19.273717325768644
1429,Lorenzo Booker,19.197252045816704
111,Arian Foster,19.185972578316555
613,Denard Robinson,19.112147694312466
97,Anthony Schwartz,19.107916724736707
1529,Matt Willis,19.095245310812178
1550,Michael Bandy,19.095245310812178
133,Austin Traylor,19.07112819144667
2084,Travis Rudolph,19.07112819144667
1883,Sam Hurd,19.07112819144667
1840,Roydell Williams,19.07112819144667
270,Brycen Hopkins,19.07112819144667
1811,Robert Meachem,19.07112819144667
824,Giovanni Ricci,19.07112819144667
685,Dominique Zeigler,19.057354838154705
1465,Marcus Johnson,19.057354838154705
969,James Hanna,19.04256957719742
1287,Kendall Gaskins,18.98268549998008
1219,Justin Brown,18.73736938696426
2211,Zander Horvath,18.728995849138418
1851,Ryan Finley,18.625730797819706
786,Fred Taylor,18.58405261420219
140,Baron Batch,18.545986735445528
1103,Joel Dreessen,18.5374829049984
545,David Blough,18.475796263384368
1261,Keaontay Ingram,18.468292977762484
678,Domenik Hixon,18.458778564124742
1188,Josh Hill,18.458778564124742
1681,Ovie Mughelli,18.419143759693537
493,Dane Sanzenbacher,18.352524978636403
778,Fozzy Whittaker,18.341998306782603
228,Brett Rypien,18.314961719811322
1882,Sam Howell,18.29124730545509
143,Ben Braunecker,18.282490244989177
247,Brice Butler,18.282490244989177
1808,Robert Herron,18.282490244989177
1566,Michael Hoomanawanui,18.282490244989177
296,Cameron Artis-Payne,18.279423365081445
856,Heath Evans,18.233093462852516
1958,Steve Slaton,18.151222792465788
2089,Tre' McKitty,18.134673095537686
1985,Tarik Cohen,18.12899935928067
272,Byron Leftwich,17.959485967769435
1473,Mario Manningham,17.920100200249493
1262,Keary Colbert,17.920100200249493
1256,Kasen Williams,17.920100200249493
486,Damion Willis,17.920100200249493
4,A.J. Jenkins,17.920100200249493
1686,Parker Hesse,17.920100200249493
1505,Mason Rudolph,17.867360939249554
2043,Todd Heap,17.66990261691798
1928,Skylar Thompson,17.61059655174008
1031,Jeff Driskel,17.415941284498047
1062,Jermaine Gresham,17.227075051410573
679,Dominic Rhodes,17.22180599032309
100,Antone Smith,17.168962711197587
1355,Kyle Allen,16.916050623919478
2014,Terron Ward,16.681743308329168
1812,Robert Royal,16.64419452345492
1027,Jed Collins,16.605800869451866
1071,Jerome Simpson,16.565490182581264
866,Hunter Sharp,16.565490182581264
563,David Paulson,16.551613295030172
187,Branden Oliver,16.540521462222664
599,Dede Westbrook,16.499582065852678
1273,Keith Mumphery,16.499582065852678
1417,Leonard Pope,16.49952089344026
586,DeAndre Washington,16.45861242949976
530,Darren Sproles,16.441782845476144
607,Demarcus Ayers,16.421714114031943
24,Adrien Robinson,16.418509422182694
575,Dax Milne,16.369588629912425
1643,Naufahu Tahi,16.369588629912425
1973,T.J. Yeldon,16.36787249217616
1827,Ronald Jones II,16.36787249217616
110,ArDarius Stewart,16.36772136846974
669,Dez Fitzpatrick,16.339805081309038
108,Antony Auclair,16.339805081309038
437,Corey Washington,16.339805081309038
1779,Ricardo Lockette,16.304619016662595
532,Darrin Reaves,16.232927328227547
1398,Laurence Maroney,16.20088582417441
1321,Kevin Faulk,16.19954074624229
2178,Wes Hills,16.197954756411484
1829,Ronnie Brown,16.170151301134055
507,Danny Vitale,16.132789668990036
1887,Sammy Morris,16.113907172572564
760,Erik Lorig,16.103433220983387
267,Bryce Perkins,16.00871210566832
159,Bernard Berrian,15.956107246359329
295,Cam Sims,15.956107246359329
129,Austin Mack,15.956107246359329
2005,Terrance Copper,15.956107246359329
331,Charlie Batch,15.675026516289668
1124,John Wolford,15.502334115976833
1704,Paxton Lynch,14.941499789713603
1954,Stevan Ridley,14.846700486178252
1308,Kerrith Whyte Jr,14.761148499320269
2175,Wayne Gallman,14.744985604853783
2027,Tim Castille,14.65209782416272
205,Brandon Manumaleuna,14.594371877418755
414,Colin Cochart,14.594371877418755
1315,Kevin Boss,14.485217711304282
910,Jackie Battle,14.463542052425575
1181,Josh Cooper,14.460871625800545
1746,Randy McMichael,14.437524928874527
84,Anthony Allen,14.390033162654513
96,Anthony Miller,14.368768662517756
1008,Jason Wright,14.317504618938411
673,Dimitri Nance,14.299635617349113
980,Jameson Williams,14.299425550086898
781,Frank Summers,14.260275645129989
1170,Jordan Wilkins,14.215277776809247
364,Chris Hogan,14.205815447100218
1059,Jerheme Urban,14.169852857447184
900,JJ Nelson,14.153689962980698
1717,Phillip Supernaw,14.153689962980698
363,Chris Herndon,14.153689962980698
457,D'Wayne Eskridge,14.148132596061858
1891,Santonio Holmes,14.131969701595372
194,Brandon Bostick,14.131969701595372
2069,Tony Scheffler,14.131969701595372
2187,Will Ta'ufo'ou,14.131969701595372
1946,Stephen Burton,14.131969701595372
59,Amara Darboh,14.131969701595372
1560,Michael Egnew,14.131969701595372
561,David Nelson,14.131969701595372
1955,Steve Breaston,14.131969701595372
2064,Tony Moeaki,14.131847345632186
1,A.J. Derby,14.131847345632186
2169,Virgil Green,14.131847345632186
1260,Kealoha Pilares,14.083389964618222
113,Armani Rogers,14.059307267079943
1140,Jonathan Dwyer,14.057877845417654
506,Danny Noble,14.05349524003528
1716,Phillip Lindsay,14.038768328715843
967,James Davis,14.036161666925222
1073,Jeron Mastrud,14.034385723333466
1877,Salvon Ahmed,14.028781770166097
1111,John Conner,14.015101586032216
1275,Keith Toston,13.978356459923678
1962,Steven Jackson,13.971292477727673
300,Cameron Morrah,13.955681382459806
373,Chris Owusu,13.955681382459806
26,Ahmard Hall,13.930034697378638
1038,Jeff Tuel,13.886642165382701
2205,Zach Sudfeld,13.873772349736903
1461,Marcel Reece,13.873772349736903
202,Brandon Johnson,13.826230916998213
280,C.J. Prosise,13.75047297864491
8,Aaron Burbridge,13.438944552756443
1585,Mike Brown,13.438944552756443
2040,Todd Bouman,13.380611612747975
956,Jalen Virgil,13.380127669522558
1434,Lucky Whitehead,13.285331311084748
1949,Stephen McGee,13.27339370496742
1879,Sam Bradford,13.040222003303423
177,Bobby Rainey,12.943607017328555
1722,Plaxico Burress,12.907614888820872
122,Auden Tate,12.855489404701352
1970,T.J. Jones,12.855489404701352
356,Chris Evans,12.855489404701352
922,Jaelen Strong,12.855489404701352
2214,Zurlon Tipton,12.75813895838219
2105,Trey Lance,12.753211987128656
796,Garrett Graham,12.75277508353866
1936,Spencer Ware,12.732626839181622
1067,Jerome Felton,12.731448925648492
838,Greg Little,12.731448925648492
1363,Kyle Rudolph,12.678806982070629
123,Austin Carr,12.678806982070629
128,Austin Johnson,12.671848973565918
432,Corey Coleman,12.665702787392075
962,Jamar Newsome,12.649539892925588
252,Brittan Golden,12.649539892925588
74,Andrew Beck,12.649539892925588
830,Grant Calcaterra,12.649539892925588
2046,Tom Crabtree,12.633754927883677
697,Donte' Stallworth,12.614992151134109
727,EJ Manuel,12.587249966154063
1271,Keith Ford,12.58297836333786
1873,Ryquell Armstead,12.58297836333786
2186,Will Johnson,12.579412802575803
81,Andy Janovich,12.559786826415646
1384,Lance Dunbar,12.471139908027968
463,D.J. Williams,12.461049664340356
191,Brandon Banks,12.452092244982875
847,Hakeem Nicks,12.437702967414339
13,Aaron Ripkowski,12.385577483294819
2031,Tim Tebow,12.384350817513727
266,Bryce Brown,12.295628829006128
124,Austin Collie,12.28476134520479
498,Daniel Fells,12.28476134520479
555,David Grinnage,12.28476134520479
982,Jamison Crowder,12.28476134520479
386,Christian Ponder,12.147964499711195
844,Gunner Olszewski,12.142049661429699
1437,Luke McCown,12.13023585829717
973,James Proche,12.066500237081009
839,Greg McElroy,12.058347507156263
1361,Kyle Philips,11.999458876419107
258,Brody Eldridge,11.90827229052997
996,Jarryd Hayne,11.835169696248816
1900,Sean Mannion,11.725649319172529
1198,Josh Robinson,11.71092571816722
2094,Trent Taylor,11.684172367355977
269,Bryce Treggs,11.525990058109445
1155,Jordan Love,11.50843015119647
1655,Nick Mullens,11.276008816084223
1292,Kene Nwangwu,10.960972305211348
326,Charcandrick West,10.923586702547148
1016,Javorius Allen,10.923232841706508
2153,Tyrod Taylor,10.891604342783372
1113,John Gilmore,10.863644911605668
1108,John Brown,10.84014589545047
297,Cameron Batson,10.736483189718044
535,Darrynton Evans,10.634529525622442
64,Andre Baccellia,10.60328582854706
2176,Wendall Williams,10.564841547797073
1411,Lee Evans,10.564841547797073
788,Freddie Swain,10.564841547797073
2200,Zach Line,10.550225776391748
2062,Tony Jones,10.547195578599608
1340,Knile Davis,10.547195578599608
70,Andre Patton,10.509915089521153
1660,Nick Vannett,10.509915089521153
649,Deven Thompkins,10.501844606838128
1348,Kris Durham,10.486568392595135
2021,Theo Riddick,10.439980368779809
1963,Steven Mitchell,10.42800605679825
1644,Neal Sterling,10.426997509411494
1251,Kamar Aiken,10.426997509411494
1831,Ronnie Rivers,10.38446631301814
1322,Kevin Harris,10.356900138583272
720,Dwayne Bowe,10.345088476688591
822,Gijon Robinson,10.338252990288307
2124,Ty Montgomery,10.338252990288307
1110,John Clay,10.33173663507782
1930,Snoop Conner,10.315573740611335
371,Chris Ogbonnaya,10.315573740611335
932,Jake Fromm,10.30294707126069
1326,Kevin Ogletree,10.25929506299356
1823,Rodney Smith,10.25929506299356
1957,Steve Maneri,10.25929506299356
1691,Patrick DiMarco,10.25929506299356
1818,Rock Cartwright,10.251563400576892
1867,Ryan Switzer,10.207110611606355
666,Dexter McCluster,10.207110611606355
2075,Tra Carson,10.201240913609405
172,Blake Bell,10.181196543817741
632,Derek Moye,10.181196543817741
1259,Ke'Shawn Vaughn,10.168599210113312
904,Jabar Gaffney,10.118153967353372
934,Jake Kumerow,10.118153967353372
901,Ja'Marcus Bradley,10.118153967353372
1391,Laquon Treadwell,10.08294777659031
368,Chris Manhertz,10.08294777659031
2049,Tommy Bohanon,10.08294777659031
485,Damion Ratley,10.058583084169731
2019,Tevin Jones,10.058583084169731
1760,Rashied Davis,10.058583084169731
395,Clive Walford,10.058583084169731
1075,Jerrel Jernigan,10.03082229247079
201,Brandon James,10.03082229247079
2152,Tyrion Davis-Price,10.00658888561881
2076,Trace McSorley,10.005927497355716
1593,Mike Goodson,9.94284509495525
1918,Shaun Hill,9.755362886095151
1435,Luke Falk,9.716874675333454
1036,Jeff Maehl,9.70626557736537
1422,Levine Toilolo,9.70626557736537
1692,Patrick Edwards,9.70626557736537
1185,Josh Freeman,9.670534583277139
2039,Toby Gerhart,9.633692598984526
1002,Jason Hill,9.62816705818955
1423,Lex Hilliard,9.621867286757526
2128,Tyler Badie,9.611620922628337
1627,Myles Gaskin,9.598520589831509
556,David Johnson,9.565056311588322
27,Akeem Hunt,9.513660026677526
2139,Tyler Kroft,9.50555359854154
2102,Trevor Siemian,9.501162560400585
491,Dan Orlovsky,9.501162560400585
1497,Marshawn Lynch,9.497904235459202
419,Collin Mooney,9.477792806842599
408,Cole Beasley,9.477792806842599
1580,Michael Woods II,9.448009258239216
1586,Mike Caussin,9.448009258239216
1653,Nick Keizer,9.444328528599412
15,Ace Sanders,9.444328528599412
1750,Rashad Greene,9.444328528599412
423,Connor Hamlett,9.433029883789716
811,George Atkinson,9.429206566771706
1508,Matt Barkley,9.422341416370216
333,Charlie Whitehurst,9.422341416370216
2177,Wendell Smallwood,9.410802765489029
354,Chris Conley,9.396413487920492
1901,Sean McGrath,9.396413487920492
587,DeAndrew White,9.396413487920492
332,Charlie Kolar,9.396413487920492
1865,Ryan Purvis,9.395883774119696
53,Allen Reisner,9.395883774119696
836,Greg Jones,9.395883774119696
1723,Preston Parker,9.395883774119696
2067,Tony Richardson,9.395883774119696
560,David Morgan,9.395883774119696
199,Brandon Jackson,9.389815609327059
647,Detrez Newsome,9.373778891325463
524,Darrel Young,9.358772651187616
367,Chris Lacy,9.345792083378479
1602,Mike Strachan,9.345792083378479
905,Jace Amaro,9.345792083378479
2183,Will Fuller,9.344288003800973
434,Corey Fuller,9.334170422483803
1330,Kevin White,9.334099933786584
1132,Johnny Stanton,9.325494091177246
930,Jake Delhomme,9.202848261715165
452,Cyrus Gray,8.982518986328005
1100,Joe Reed,8.982518986328005
903,JaQuan Hardy,8.982518986328005
1236,Juwan Thompson,8.966356091861519
615,Dennis Dixon,8.937859380861585
1390,Landry Jones,8.811075627754388
1447,Malcolm Johnson,8.809390010248318
534,Darrius Shepherd,8.809390010248318
1785,Richard Murphy,8.758394694489462
380,Chris Streveler,8.722197524150117
755,Eric Page,8.520038812252494
2099,Trevone Boykin,8.422624350298324
1642,Nathan Peterman,8.343920009424664
2159,Ventell Bryant,8.194407886632428
248,Brit Miller,8.17871528138639
1210,Julius Chestnut,8.168683952449156
1136,Jon Hilliman,8.167093323818579
884,Isaiah Spiller,8.16691033555121
240,Brian Parker,8.157261776962407
628,Derek Anderson,8.126653037303047
1652,Nick Kasa,8.108614472937397
1654,Nick Miller,8.108614472937397
402,Cody Hollister,8.083823389295173
1385,Lance Kendricks,8.083823389295173
1795,Rico Gathers,8.083823389295173
2085,Trayveon Williams,8.08352307297414
1597,Mike Karney,8.038241621307424
98,Anthony Sherman,7.951305802803756
947,Jalen Guyton,7.950113639750617
528,Darren Fells,7.899535171637044
1556,Michael Clark,7.899535171637044
335,Charly Martin,7.899535171637044
831,Greg Camarillo,7.899535171637044
1848,Ruvell Martin,7.899535171637044
1603,Mike Thomas,7.897988155631098
1800,Rishard Matthews,7.878031349515615
2141,Tyler Mabry,7.865512389108727
1799,Riley Ridley,7.847409687517524
1017,Jawill Davis,7.847409687517524
1231,Justin Perillo,7.847409687517524
273,Byron Marshall,7.847409687517524
2189,Will Tye,7.847409687517524
1436,Luke Farrell,7.847409687517524
2209,Zack Pianalto,7.847409687517524
1420,Lestar Jean,7.847409687517524
1595,Mike James,7.836988597319141
986,Jared Abbrederis,7.825567070169012
244,Brian St. Pierre,7.5671070432041905
990,Jaret Patterson,7.345300302935524
1565,Michael Hill,7.318510531273115
1933,Spencer Brown,7.21565327008462
795,Garrett Gilbert,7.192812920158378
887,Isaiah Zuber,7.172877010699176
340,Chase Daniel,7.16806336635253
1951,Stephen Sullivan,7.116403429362094
44,Alexander Hollins,7.116403429362094
1817,Roc Thomas,7.114629812464148
87,Anthony Brown,7.066618725517527
2098,Trevon Wesco,7.064277945242575
144,Ben DiNucci,7.056769785408655
1165,Jordan Thomas,7.055148875646219
462,D.J. Tialavea,7.055148875646219
376,Chris Pressley,7.055148875646219
1001,Jason Croom,7.055148875646219
1855,Ryan Hewitt,7.055148875646219
1568,Michael Palmer,7.055148875646219
1854,Ryan Griffin,7.0370461740550185
1908,Seth Roberts,7.0370461740550185
77,Andrew Quarless,7.0370461740550185
1032,Jeff Dugan,7.0370461740550185
1803,Rob Housler,7.0370461740550185
2133,Tyler Davis,7.0370461740550185
1020,Jay Prosch,7.0370461740550185
2126,Tylan Wallace,7.0370461740550185
383,Christian Blake,7.0370461740550185
1074,Jerramy Stevens,7.015203556706507
1328,Kevin Smith,7.015203556706507
2057,Toney Clemons,7.015203556706507
874,Isaac Redman,7.002886581554023
2015,Terry Godwin,6.963078072586987
1634,Nate Byham,6.963078072586987
820,Geremy Davis,6.963078072586987
460,D.J. Montgomery,6.963078072586987
1727,Quan Bray,6.963078072586987
955,Jalen Tolliver,6.963078072586987
590,DeMarco Sampson,6.963078072586987
1999,Ted Ginn Jr.,6.963078072586987
1745,Randall Telfer,6.963078072586987
660,Devin Thomas,6.963078072586987
1120,John Phillips,6.963078072586987
2116,Troy Hairston,6.948647680398127
1316,Kevin Brock,6.948647680398127
1249,Kalen Ballage,6.9412340564919806
1192,Josh Malone,6.9341889128665235
1030,Jeff Demps,6.931766006563692
801,Gartrell Johnson,6.855188419133883
1738,Racey McMath,6.8221845205829075
1919,Shaun Wilson,6.786490750446384
1967,T.J. Graham,6.757815746608231
2162,Vick Ballard,6.6601309194885285
890,Ito Smith,6.618797155952978
958,Jalston Fowler,6.602634261486492
1942,Stefan Logan,6.5722208326192675
421,Connor Cook,6.481778168494568
2097,Trestan Ebner,6.458842717686035
2210,Zamir White,6.449143375777988
1863,Ryan Nassib,6.274877002418524
1781,Richard Bartel,6.2444374372663365
325,Chansi Stuckey,6.119196498617343
2001,Teddy Williams,6.037141481795632
1057,Jeremy Sprinkle,6.019382416236723
1239,K.J. Hill,6.019382416236723
2029,Tim Jones,6.019382416236723
2051,Tommy Hudson,6.019382416236723
654,Devin Funchess,6.019382416236723
1215,Juron Criner,6.019382416236723
641,Derrick Williams,6.019382416236723
1245,Kaden Smith,6.019382416236723
303,Carlton Mitchell,6.019382416236723
31,Albert Young,5.997538400141716
41,Alex Green,5.997538400141716
46,Alfonso Smith,5.992798431571857
943,Jakob Johnson,5.97170065839721
1558,Michael Cox,5.928840731454216
95,Anthony McFarland Jr.,5.928840731454216
1455,Manase Tonga,5.916525155048228
723,Dwayne Jarrett,5.8623259697661565
843,Griff Whalen,5.814120090257966
594,DeShone Kizer,5.80656896671988
1559,Michael Crabtree,5.695099934602985
2165,Vince Mayle,5.658938605136226
604,Deji Karim,5.6517621682403085
1696,Patrick Taylor,5.517508623423057
227,Brett Hundley,5.457965099175456
1921,Shelton Gibson,5.434421677167017
869,Ifeanyi Momah,5.434421677167017
719,Dwayne Allen,5.416662611608105
921,Jaeden Graham,5.416662611608105
1845,Russell Shepard,5.416662611608105
401,Cody Core,5.416662611608105
146,Ben Ellefson,5.416662611608105
1579,Michael Williams,5.416662611608105
86,Anthony Becht,5.416662611608105
1478,Mark Clayton,5.416662611608105
582,De'Veon Smith,5.416662611608105
1139,Jonathan Baldwin,5.416662611608105
1012,Javon Ringer,5.38535054558481
1857,Ryan Lindley,5.3311813460682576
776,Fitzgerald Toussaint,5.326120926825599
1736,Quinton Ganther,5.317882743626659
1396,Larry Rountree,5.317882743626659
790,Gabe Nabers,5.297642455953124
724,Dwayne Washington,5.274406539594393
747,Emanuel Byrd,5.259606165137539
1994,Taylor Price,5.259606165137539
1380,Lamaar Thomas,5.259606165137539
1286,Kendall Blanton,5.259606165137539
923,Jaelon Darden,5.259606165137539
702,Dorin Dickerson,5.259606165137539
888,Ishmael Hyman,5.259606165137539
1572,Michael Robinson,5.259606165137539
1305,Kenny Yeboah,5.259606165137539
682,Dominique Dafney,5.259606165137539
496,Daniel Brown,5.259606165137539
1806,Robert Foster,5.259606165137539
898,JJ Arcega-Whiteside,5.259606165137539
2086,Tre Madden,5.259606165137539
2151,Tyrie Cleveland,5.259606165137539
21,Adrian Arrington,5.259606165137539
182,Bradie Ewing,5.259606165137539
1701,Paul Perkins,5.2592523042969015
1927,Skye Dawson,5.2491850749391595
161,Bernard Reedy,5.2491850749391595
1375,LaRod Stephens-Howling,5.233022180472673
137,B.J. Daniels,5.219290350356215
862,Hunter Bryant,5.176165358040862
1442,Mack Brown,5.174391741142916
467,Da'Mari Scott,5.156748903949044
994,Jarrett Boykin,5.137432184161318
1926,Simi Fehoko,5.137432184161318
1680,Orson Charles,5.137432184161318
1635,Nate Eachus,5.0974558892564765
1965,Stone Smartt,5.092380129974368
1146,Jonathan Ward,5.083018842996935
1853,Ryan Grant,5.059128764323715
1693,Patrick Laird,5.034574922972823
1487,Marqise Lee,5.0184120285063365
392,Clay Harbor,5.0184120285063365
241,Brian Quick,5.0184120285063365
17,Adam Prentice,5.0184120285063365
1022,Jaylen Samuels,5.0184120285063365
1227,Justin Hunter,5.0184120285063365
806,Gator Hoskins,5.0184120285063365
1705,Penny Hart,5.0184120285063365
1545,Maxx Williams,5.0184120285063365
1763,Ray Agnew,5.0184120285063365
1047,Jeremy Ebert,5.0184120285063365
1079,Jesper Horsted,5.0184120285063365
625,Deontay Burnett,5.0184120285063365
938,Jake O'Connell,5.0184120285063365
1069,Jerome Harrison,5.016150220468238
1621,Montrell Washington,4.965662154475821
454,D'Ernest Johnson,4.883909010134275
1003,Jason Huntley,4.838054819901151
823,Giovani Bernard,4.825328878081263
1105,Joey Iosefa,4.821891925434665
160,Bernard Pierce,4.775309944677673
2068,Tony Romo,4.705114844513624
169,Blaine Gabbert,4.626410503639967
1591,Mike Gillislee,4.620633056306013
1061,Jerious Norwood,4.606917104286277
378,Chris Redman,4.533417269070606
576,Daylen Baldwin,4.518456180581177
336,Charone Peake,4.518456180581177
1849,Ryan Broyles,4.518456180581177
1347,Kris Adams,4.518456180581177
78,Andrew Turzilli,4.518456180581177
178,Bobo Wilson,4.498812936170429
157,Benny Cunningham,4.4411664678541
1356,Kyle Boller,4.392617561213152
596,DeVier Posey,4.38288988936498
1909,Seth Williams,4.38288988936498
425,Connor Shaw,4.32102086680528
834,Greg Jenkins,4.316117815887513
474,Dalton Keene,4.277262043949973
263,Bryan Edwards,4.277262043949973
1947,Stephen Carlson,4.263869733709999
1430,Lorenzo Taliaferro,4.24401067829932
611,Demetrius Harris,4.24401067829932
324,Chandler Worthy,4.24401067829932
85,Anthony Armstrong,4.24401067829932
1945,Stephen Anderson,4.24401067829932
514,Dareke Young,4.239225753134388
672,Dezmon Patmon,4.239225753134388
577,Dazz Newsome,4.239225753134388
411,Cole Turner,4.239225753134388
1995,Taylor Thompson,4.239225753134388
1048,Jeremy Hill,4.206302567224375
162,Bernard Scott,4.191750792644607
1405,Le'Ron McClain,4.169039456678884
1551,Michael Bennett,4.136368491945893
315,Chad Hall,4.120205597479407
1179,Josh Bellamy,4.120205597479407
1971,T.J. Logan,4.120205597479407
1662,Nick Williams,4.120205597479407
103,Antonio Callaway,4.120205597479407
517,Darius Jennings,4.120205597479407
1552,Michael Burton,4.120205597479407
1272,Keith Kirkwood,4.120205597479407
671,Dezmon Briscoe,4.120205597479407
635,Derrick Coleman,4.120205597479407
164,Billy Bajema,4.120205597479407
2207,Zach Zenner,4.120205597479407
1805,Robert Davis,4.120205597479407
2008,Terrance Williams,4.120205597479407
284,Cade Johnson,4.120205597479407
1424,Lil'Jordan Humphrey,4.120205597479407
80,Andy Isabella,4.120205597479407
1897,Scottie Phillips,4.120205597479407
798,Garrett Mills,4.120205597479407
883,Isaiah Pead,4.113203820871449
1712,Pharoh Cooper,3.969539684640861
1588,Mike Davis,3.969539684640861
253,Brock Bolen,3.964811603282431
1706,Percy Harvin,3.8932664081172312
275,C.J. Anderson,3.822485621752149
1154,Jordan Leslie,3.8062155311112407
1920,Shawn Nelson,3.724411585963414
1734,Quintez Cephus,3.5435312392256684
229,Brett Swain,3.5435312392256684
616,Dennis Houston,3.5435312392256684
409,Cole Hikutini,3.5435312392256684
1471,Mardy Gilyard,3.5435312392256684
1905,Seneca Wallace,3.534010965388091
1671,Nsimba Webster,3.5102798735750165
2150,Tyrell Williams,3.5102798735750165
543,David Ausberry,3.5102798735750165
1457,MarQueis Gray,3.479510143174672
1137,Jon Kitna,3.478394807086172
1914,Shane Wynn,3.407964948009472
1807,Robert Griffin III,3.3863974089358293
2108,Trey Ragas,3.316592049863491
959,Jamaal Charles,3.267177789746353
1133,Johnny White,3.1771135948109093
568,David Williams,3.1771135948109093
585,DeAndre Smelter,3.1534731370187314
344,Chauncey Washington,3.136767906929294
954,Jalen Tolbert,3.136767906929294
848,Hakeem Valles,3.136767906929294
1021,Jaydon Mickens,3.136767906929294
1045,Jeremy Butler,3.136767906929294
28,Alan Cross,3.136767906929294
1895,Scott Simonson,3.136767906929294
1438,Luke Stocker,3.136767906929294
1172,Jorvorskie Lane,3.136767906929294
1902,Sean McKeon,3.136767906929294
156,Bennie Fowler,3.136767906929294
1034,Jeff Janis,3.136767906929294
93,Anthony Hill,3.136767906929294
1444,Madison Hedgecock,3.136767906929294
323,Chandler Cox,3.136767906929294
1527,Matt Spaeth,3.136767906929294
1610,Miles Boykin,3.136767906929294
1269,Keiland Williams,3.136767906929294
519,Darius Powe,3.136767906929294
630,Derek Carrier,3.136767906929294
1464,Marcus Easley,3.136767906929294
1026,Je'Ron Hamm,3.136767906929294
132,Austin Trammell,3.136767906929294
675,Dion Sims,3.136767906929294
2196,Yamon Figurs,3.136767906929294
1142,Jonathan Krause,3.136767906929294
764,Ethan Wolf,3.136767906929294
281,C.J. Saunders,3.136767906929294
683,Dominique Davis,3.0702830183415264
505,Danny Gray,3.0506158758302364
696,Donte Moncrief,3.0506158758302364
737,Eddie Williams,3.03445298136375
2145,Tyler Varga,3.03445298136375
659,Devin Street,3.03445298136375
1230,Justin Peelle,3.03445298136375
1764,Ray Graham,3.03445298136375
2167,Vincent Brown,3.03445298136375
850,Hank Baskett,3.03445298136375
1647,Nick Bawden,3.03445298136375
2077,Travaris Cadet,2.968647631679187
1542,Max Hall,2.965112975713539
1519,Matt Leinart,2.9573366071343505
1018,Jay Ajayi,2.872299296852687
686,Don Jackson,2.872299296852687
1371,La'Mical Perine,2.803601628165188
176,Bo Scarbrough,2.803601628165188
1253,Kareem Huggins,2.791350897535086
893,J.J. Taylor,2.667563529739531
1753,Rashard Davis,2.5827029665855457
2142,Tyler Murphy,2.5827029665855457
238,Brian Leonard,2.5827029665855457
2071,Tori Gurley,2.5827029665855457
1237,Juwann Winfree,2.5827029665855457
1345,Kory Sperry,2.5827029665855457
779,Frank Darby,2.5827029665855457
945,Jaleel Scott,2.5827029665855457
570,Davion Davis,2.5827029665855457
855,Hayden Smith,2.5827029665855457
1600,Mike Sellers,2.5827029665855457
867,Ian Book,2.4580143950830213
652,Devin Asiasi,2.4419158083224266
928,Jake Butt,2.4419158083224266
1850,Ryan D'Imperio,2.4419158083224266
1382,Lamar Miller,2.4419158083224266
1506,Mason Schreck,2.4419158083224266
1050,Jeremy Kerley,2.4419158083224266
2204,Zach Potter,2.4419158083224266
72,Andre Williams,2.420549282074481
477,Dalyn Dawkins,2.420549282074481
1051,Jeremy Langford,2.420549282074481
466,DJ Turner,2.351851613386982
1410,LeVante Bellamy,2.3396008827568826
2022,Thomas Clayton,2.3396008827568826
610,Demetric Felton,2.277330971605216
897,J.P. Losman,2.245021036917599
1317,Kevin Cone,2.14176468038902
1123,John Ursua,2.14176468038902
181,Brad Smith,2.14176468038902
1581,Micheal Spurlock,2.14176468038902
808,Gehrig Dieter,2.14176468038902
1698,Paul Hubbard,2.14176468038902
149,Ben Obomanu,2.14176468038902
481,Damian Williams,2.14176468038902
2070,Tony Washington,2.14176468038902
1307,Keon Hatcher,2.14176468038902
2074,Tory Humphrey,2.14176468038902
355,Chris Cooley,2.14176468038902
817,Gerald Christian,2.14176468038902
398,Cobi Hamilton,2.14176468038902
2154,Tyron Johnson,2.14176468038902
148,Ben Koyack,2.14176468038902
1169,Jordan White,2.14176468038902
1790,Ricky Ortiz,2.14176468038902
645,Desmond Clark,2.14176468038902
1512,Matt Flanagan,2.14176468038902
294,Cam Phillips,2.14176468038902
1055,Jeremy Ruckert,2.14176468038902
2163,Victor Bolden,2.14176468038902
1885,Sammie Coates,2.14176468038902
1501,Marvin Hall,2.14176468038902
360,Chris Gronkowski,2.14176468038902
852,Harry Douglas,2.14176468038902
118,Arrelious Benn,2.14176468038902
1984,Tarik Black,2.14176468038902
114,Armanti Edwards,2.14176468038902
436,Corey McIntyre,2.14176468038902
1182,Josh Cribbs,2.14176468038902
1886,Sammie Stroughter,2.14176468038902
1274,Keith Smith,2.14176468038902
145,Ben Edwards,2.14176468038902
2032,Tim White,2.14176468038902
1432,Lousaka Polite,2.14176468038902
7,Aaron Brown,2.14176468038902
749,Emmanuel Arceneaux,2.14176468038902
1439,Luke Willson,2.14176468038902
1752,Rashad Ross,2.14176468038902
1531,Matthew Mulligan,2.14176468038902
442,Courtney Roby,2.14176468038902
1346,Kregg Lumpkin,2.052371876104591
1833,Roosevelt Nix,2.034228887776553
2170,Visanthe Shiancoe,2.034228887776553
1029,Jeff Cumberland,2.034228887776553
1862,Ryan Nall,1.9148254910268427
1318,Kevin Curtis,1.9148254910268427
999,Jason Cabinda,1.9148254910268427
661,Devine Ozigbo,1.8986625965603565
1878,Sam Aiken,1.8986625965603565
580,De'Anthony Thomas,1.8986625965603565
726,E.J. Bibbs,1.8986625965603565
1768,Reagan Maui'a,1.8986625965603565
2050,Tommy Gallarda,1.8986625965603565
946,Jalen Camp,1.8986625965603565
1343,Konrad Reuland,1.8986625965603565
2056,Tommylee Lewis,1.8986625965603565
459,D.J. Foster,1.8986625965603565
1773,Reggie Kelly,1.8986625965603565
2054,Tommy Sweeney,1.8986625965603565
827,Godwin Igwebuike,1.8986625965603565
1699,Paul Lasike,1.8986625965603565
1536,Maurice Alexander,1.8986625965603565
2184,Will Grier,1.8950718098261339
1510,Matt Cassel,1.8690070927301226
301,Cardale Jones,1.8528441982636363
1651,Nick Foles,1.7932713407666174
2052,Tommy Stevens,1.7436386062679783
1112,John Crockett,1.6566960821953793
1832,Ronnie Wingo,1.6163225854295942
221,Braylon Sanders,1.6006162809489173
1004,Jason Moore,1.600159690963108
277,C.J. Board,1.600159690963108
758,Eric Weems,1.600159690963108
885,Isaiah Stanback,1.600159690963108
767,Evan Moore,1.600159690963108
1646,Nic Jacobs,1.600159690963108
1335,Khari Lee,1.600159690963108
2188,Will Tukuafu,1.600159690963108
731,Easop Winston,1.600159690963108
2155,Tyrone Swoopes,1.600159690963108
1858,Ryan Mahaffey,1.600159690963108
2125,Ty'Son Williams,1.600159690963108
329,Charles Jones,1.600159690963108
1700,Paul McRoberts,1.600159690963108
1395,Larry Pinkard,1.600159690963108
812,George Farmer,1.600159690963108
912,Jacob Harris,1.600159690963108
1599,Mike McNeill,1.600159690963108
1916,Shaun Chapas,1.600159690963108
1456,Manuel Johnson,1.600159690963108
55,Alonzo Harris,1.5879984135078804
2109,Trey Sermon,1.5879984135078804
1220,Justin Davis,1.5879984135078804
1931,Solomon Patton,1.5879984135078804
1058,Jeremy Stewart,1.5718355190413942
1143,Jonathan Stewart,1.5718355190413942
2122,Ty Chandler,1.5718355190413942
2065,Tony Pike,1.5581036889249373
1525,Matt Simms,1.5581036889249373
1521,Matt McGloin,1.5581036889249373
710,Drew Sample,1.5132688419228564
533,Darrius Heyward-Bey,1.39747941158049
1187,Josh Harris,1.3581931765981319
1504,Mason Kinsey,1.3207267155585993
714,Duke Calhoun,1.3207267155585993
1350,Krishawn Hogan,1.3207267155585993
769,Evan Royster,1.3207267155585993
1787,Richard Rodgers,1.3207267155585993
1160,Jordan Payton,1.3207267155585993
1859,Ryan Malleck,1.3207267155585993
2131,Tyler Clutts,1.3207267155585993
239,Brian Leonhardt,1.3207267155585993
873,Isaac Nauta,1.3207267155585993
762,Ernest Wilford,1.3207267155585993
759,Erik Ezukanma,1.3207267155585993
2194,Xavier Grimble,1.3207267155585993
1096,Joe Kerridge,1.3207267155585993
1084,Jim Kleinsasser,1.3207267155585993
1040,Jehu Chesson,1.3207267155585993
1319,Kevin Dorsey,1.3207267155585993
1911,Seyi Ajirotutu,1.3207267155585993
1458,Marc Mariani,1.289495507910633
101,Antonio Andrews,1.289495507910633
891,J'Mon Moore,1.2790234960886473
310,Cedric Peerman,1.2733326134441467
215,Brandon Wilds,1.2733326134441467
516,Darius Jackson,1.2733326134441467
1409,LeShun Daniels,1.2353531664350652
1477,Mark Brunell,1.226349417677038
1847,Rusty Smith,1.226349417677038
2144,Tyler Thigpen,1.226349417677038
1517,Matt Jones,1.219190271968579
919,Jacques Patrick,1.1638079712698652
2111,Trey Williams,1.1638079712698652
564,David Reed,1.1543773277518266
1463,Marcus Baugh,1.1543773277518266
406,Cody White,1.1543773277518266
802,Gary Banks,1.1543773277518266
262,Bruce Miller,1.1543773277518266
1944,Stepfan Taylor,1.147645076803379
271,Buddy Howell,1.147645076803379
858,Henry Hynoski,1.147645076803379
236,Brian Hoyer,1.147645076803379
1068,Jerome Ford,1.147645076803379
1547,Mekhi Sargent,1.147645076803379
1134,Joique Bell,1.0791996451094124
911,Jacob Eason,1.0346986655962032
1000,Jason Campbell,0.9679924355064927
1516,Matt Hazel,0.9616326402964965
1193,Josh McCown,0.9469164422725278
1906,Senorise Perry,0.8843749958653554
667,Dexter Williams,0.8843749958653554
388,Christine Michael,0.8843749958653554
1608,Mikel Leshoure,0.8843749958653554
1452,Malik Taylor,0.8713365755427723
2010,Terrell Watson,0.8682121013988693
190,Brandon Allen,0.8682121013988693
1364,Kyle Trask,0.8682121013988693
1810,Robert Kelley,0.8682121013988693
800,Garrett Wolfe,0.8682121013988693
1770,Reggie Bonnafon,0.8682121013988693
5,A.J. McCarron,0.8682121013988693
320,Chad Pennington,0.8682121013988693
1184,Josh Ferguson,0.8682121013988693
1986,Tarvaris Jackson,0.7805670544657555
626,Deonte Harty,0.7656055148333186
1276,Keke Coutee,0.7357702843265767
1413,Legedu Naanee,0.7357702843265767
554,David Gilreath,0.7180256080585831
1368,Kylin Hill,0.7180256080585831
1191,Josh Johnson,0.701862713592097
539,Daryl Richardson,0.701862713592097
2130,Tyler Bray,0.701862713592097
478,Damarea Crockett,0.701862713592097
1852,Ryan Fitzpatrick,0.701862713592097
1587,Mike Cox,0.6437993154540866
1596,Mike Kafka,0.6018887415208986
624,Deon Yelder,0.5912574724423714
525,Darrell Daniels,0.5912574724423714
500,Daniel Helm,0.5912574724423714
1480,Mark Sanchez,0.591019832158094
2091,Trent Edwards,0.5878223670104263
479,Damaris Johnson,0.5252809206032539
581,De'Lance Turner,0.5091180261367678
1117,John Lovett,0.5091180261367678
390,Cierre Wood,0.48552641173291755
1564,Michael Higgins,0.48552641173291755
1200,Josh Vaughan,0.48552641173291755
1641,Nathan Palmer,0.48552641173291755
1093,Joe Callahan,0.45897426960548743
546,David Carr,0.45897426960548743
1049,Jeremy Horne,0.39643282319831497
116,Armond Smith,0.38026992873182885
715,Duke Johnson,0.38026992873182885
2058,Tony Brooks-James,0.38026992873182885
186,Bralon Addison,0.2957418846899825
22,Adrian Killins,0.28173900756827674
870,Ihmir Smith-Marsette,0.2795789902234963
600,Dedrick Epps,0.2795789902234963
968,James Develin,0.27453886802237504
307,Case Keenum,0.27453886802237504
1640,Nathan Cottrell,0.27453886802237504
1648,Nick Bellore,0.27453886802237504
1537,Maurice Ffrench,0.27453886802237504
257,Brodie Croyle,0.26732351752465316
1116,John Kuhn,0.185530904703283
1394,Larry Johnson,0.185530904703283
738,Edwin Baker,0.185530904703283
1159,Jordan Palmer,0.185530904703283
483,Damien Williams,0.185530904703283
1289,Kendall Hunter,0.185530904703283
1041,Jehuu Caulcrick,0.185530904703283
1279,Kellen Mond,0.185530904703283
1683,Owen Marecic,0.13686983485944137
1207,Julian Howsare,0.13686983485944137
825,Glenn Gronkowski,0.13686983485944137
2038,Toben Opurum,0.13686983485944137
1664,Nikita Whitlock,0.13686983485944137
748,Emil Igwenagu,0.13686983485944137
43,Alex Tanney,0.13686983485944137
1912,Shane Smith,0.13686983485944137
1622,Moran Norris,0.13686983485944137
550,David Fales,0.13686983485944137
620,Deon Anderson,0.13686983485944137
1152,Jordan Howard,0.1101228217821632
816,George Winn,0.1101228217821632
1684,Owen Schmitt,0.1101228217821632
1494,Marquis Johnson,0.07949165117795631
2073,Tory Carter,0.07949165117795631
1492,Marquez Williams,0.07949165117795631
1344,Korey Hall,0.07949165117795631
1788,Richie Brockel,0.07949165117795631
983,Jamize Olawale,0.07949165117795631
1658,Nick Ralston,0.07949165117795631
35,Alex Armah,0.07949165117795631
895,J.P. Foschi,0.07949165117795631
1072,Jerome Smith,0.058165493985782774
1083,Jim Dray,0.058165493985782774
1935,Spencer Schnell,0.058165493985782774
1180,Josh Boyce,0.058165493985782774
1066,Jerome Cunningham,0.058165493985782774
2179,Wes Saxton,0.058165493985782774
1076,Jerrell Jackson,0.058165493985782774
1961,Steven Dunbar,0.058165493985782774
1183,Josh Doctson,0.058165493985782774
495,Daniel Braverman,0.058165493985782774
2195,Xavier Jones,0.058165493985782774
515,Darius Bradwell,0.058165493985782774
512,Darcy Johnson,0.058165493985782774
642,Derrick Willies,0.058165493985782774
489,Dan Gronkowski,0.058165493985782774
1186,Josh Gordon,0.058165493985782774
1952,Stephen Williams,0.058165493985782774
2192,Willie Snead,0.058165493985782774
502,Daniel Lasco,0.058165493985782774
1950,Stephen Spach,0.058165493985782774
2190,Will Yeatman,0.058165493985782774
92,Anthony Gonzalez,0.058165493985782774
1006,Jason Vander Laan,0.058165493985782774
497,Daniel Coats,0.058165493985782774
447,Cullen Gillaspia,0.058165493985782774
1081,Jesse James,0.058165493985782774
639,Derrick Townsel,0.058165493985782774
633,Derek Schouman,0.058165493985782774
1940,Stanley Morgan Jr.,0.058165493985782774
1938,Stanley Berryhill,0.058165493985782774
1082,Jester Weah,0.058165493985782774
10,Aaron Green,0.058165493985782774
2181,Weslye Saunders,0.058165493985782774
289,Caleb Wilson,0.058165493985782774
88,Anthony Denham,0.058165493985782774
1937,Stacy Coley,0.058165493985782774
1011,Javon Leake,0.058165493985782774
658,Devin Smith,0.058165493985782774
39,Alex Ellis,0.058165493985782774
1013,Javon Wims,0.058165493985782774
56,Alonzo Russell,0.058165493985782774
2059,Tony Brown,0.058165493985782774
559,David Moore,0.058165493985782774
2053,Tommy Streeter,0.058165493985782774
1115,John Kelly,0.058165493985782774
557,David Martin,0.058165493985782774
1114,John Hightower,0.058165493985782774
2045,Tom Brandstater,0.058165493985782774
322,Chad Williams,0.058165493985782774
553,David Gettis,0.058165493985782774
2025,Thomas Rawls,0.058165493985782774
1102,Joe Zelenka,0.058165493985782774
2037,Tobais Palmer,0.058165493985782774
551,David Fluellen,0.058165493985782774
1028,Jeff Badet,0.058165493985782774
1151,Jordan Chunn,0.058165493985782774
591,DeMichael Harris,0.058165493985782774
593,DeShawn Wynn,0.058165493985782774
2138,Tyler Johnson,0.058165493985782774
2060,Tony Fiammetta,0.058165493985782774
50,Allen Bradford,0.058165493985782774
1135,Jojo Natson,0.058165493985782774
2063,Tony Lippett,0.058165493985782774
1046,Jeremy Cox,0.058165493985782774
1119,John Nalbone,0.058165493985782774
40,Alex Erickson,0.058165493985782774
1043,Jerell Adams,0.058165493985782774
567,David Wells,0.058165493985782774
37,Alex Bayer,0.058165493985782774
1118,John Matthews,0.058165493985782774
1127,Johnny Holton,0.058165493985782774
2104,Trey Edmunds,0.058165493985782774
1128,Johnny Johnson,0.058165493985782774
2081,Travis Fulgham,0.058165493985782774
2078,Travis Beckum,0.058165493985782774
2107,Trey Quinn,0.058165493985782774
304,Carson Meier,0.058165493985782774
2110,Trey Watts,0.058165493985782774
2113,Trindon Holliday,0.058165493985782774
2114,Trinity Benson,0.058165493985782774
1101,Joe Webb,0.058165493985782774
549,David Douglas,0.058165493985782774
1177,Josh Ali,0.058165493985782774
2172,Vyncint Smith,0.058165493985782774
537,Darvin Kidsy,0.058165493985782774
536,Darvin Adams,0.058165493985782774
1091,Joe Banyard,0.058165493985782774
1991,Tay Martin,0.058165493985782774
1090,Joe Anderson,0.058165493985782774
612,Demetrius Williams,0.058165493985782774
1176,Josh Adams,0.058165493985782774
527,Darren Evans,0.058165493985782774
488,Dan Chisena,0.058165493985782774
321,Chad Simpson,0.058165493985782774
1982,Tanner McEvoy,0.058165493985782774
1980,Tanner Gentry,0.058165493985782774
1979,Tanner Conner,0.058165493985782774
621,Deon Butler,0.058165493985782774
1976,Taj Smith,0.058165493985782774
622,Deon Cain,0.058165493985782774
456,D'Vonte Price,0.058165493985782774
313,Cethan Carter,0.058165493985782774
1997,Taywan Taylor,0.058165493985782774
458,D.C. Jefferson,0.058165493985782774
1168,Jordan Veasy,0.058165493985782774
1167,Jordan Todman,0.058165493985782774
2023,Thomas Duarte,0.058165493985782774
1025,Jaymar Johnson,0.058165493985782774
1157,Jordan Matthews,0.058165493985782774
598,Deante Burton,0.058165493985782774
2017,Tevaun Smith,0.058165493985782774
71,Andre Roberts,0.058165493985782774
2013,Terrence Magee,0.058165493985782774
2147,Tyree Jackson,0.058165493985782774
1162,Jordan Scarlett,0.058165493985782774
73,Andre' Anderson,0.058165493985782774
2095,Trenton Cannon,0.058165493985782774
1095,Joe Hastings,0.058165493985782774
2006,Terrance Ganaway,0.058165493985782774
1166,Jordan Thompson,0.058165493985782774
606,Delone Carter,0.058165493985782774
540,Daurice Fountain,0.058165493985782774
2003,Temarrick Hemingway,0.058165493985782774
282,C.J. Spiller,0.058165493985782774
1814,Robert Turbin,0.058165493985782774
94,Anthony McCoy,0.058165493985782774
1598,Mike Leach,0.058165493985782774
1327,Kevin Rader,0.058165493985782774
797,Garrett Griffin,0.058165493985782774
1623,Mose Frazier,0.058165493985782774
243,Brian Robiskie,0.058165493985782774
1620,Montell Owens,0.058165493985782774
929,Jake Byrne,0.058165493985782774
805,Gary Jennings Jr,0.058165493985782774
1334,Khari Blasingame,0.058165493985782774
1612,Mitchell Henry,0.058165493985782774
807,Gavin Escobar,0.058165493985782774
180,Brad Smelley,0.058165493985782774
1605,Mike Wallace,0.058165493985782774
1337,Kiero Small,0.058165493985782774
1339,Kirk Merritt,0.058165493985782774
927,Jake Bargas,0.058165493985782774
772,Farrod Green,0.058165493985782774
393,Clifton Smith,0.058165493985782774
1349,Kris Wilson,0.058165493985782774
815,George Wilson,0.058165493985782774
1582,Mickey Shuler,0.058165493985782774
1578,Michael Warren,0.058165493985782774
391,Clark Harris,0.058165493985782774
183,Bradley Marquez,0.058165493985782774
819,Gerell Robinson,0.058165493985782774
1573,Michael Smith,0.058165493985782774
1353,Kwamie Lassiter II,0.058165493985782774
1354,Kyle Adams,0.058165493985782774
821,Geronimo Allison,0.058165493985782774
499,Daniel Graham,0.058165493985782774
1357,Kyle Carter,0.058165493985782774
1325,Kevin Norwood,0.058165493985782774
794,Garrett Dickerson,0.058165493985782774
793,Garrett Celek,0.058165493985782774
1632,Nate Becker,0.058165493985782774
773,Feleipe Franks,0.058165493985782774
775,Fendi Onobun,0.058165493985782774
1294,Kennard Backman,0.058165493985782774
351,Chris Brooks,0.058165493985782774
251,Brittain Brown,0.058165493985782774
250,Britt Davis,0.058165493985782774
1678,Onterio McCalebb,0.058165493985782774
1677,Onrea Jones,0.058165493985782774
249,Britain Covey,0.058165493985782774
783,Fred Brown,0.058165493985782774
1208,Julian Talley,0.058165493985782774
1670,Noah Togiai,0.058165493985782774
787,Freddie Martino,0.058165493985782774
165,Billy Latsko,0.058165493985782774
1665,Nikola Kalinic,0.058165493985782774
167,Binjimen Victor,0.058165493985782774
941,Jake Tonges,0.058165493985782774
1659,Nick Toon,0.058165493985782774
789,Gabe Holmes,0.058165493985782774
1656,Nick Muse,0.058165493985782774
1310,Kerry Meier,0.058165493985782774
935,Jake Lampman,0.058165493985782774
1312,Kerryon Johnson,0.058165493985782774
1649,Nick Boyle,0.058165493985782774
170,Blair White,0.058165493985782774
933,Jake Funk,0.058165493985782774
171,Blake Annen,0.058165493985782774
1637,Nate Solder,0.058165493985782774
1323,Kevin Hogan,0.058165493985782774
185,Braedon Bowman,0.058165493985782774
1562,Michael Ford,0.058165493985782774
237,Brian Jennings,0.058165493985782774
1482,Marken Michel,0.058165493985782774
864,Hunter Long,0.058165493985782774
374,Chris Pantale,0.058165493985782774
1472,Mario Alford,0.058165493985782774
1386,Lance Lenoir,0.058165493985782774
1469,Marcus Smith,0.058165493985782774
212,Brandon Tate,0.058165493985782774
1466,Marcus Kemp,0.058165493985782774
872,Isaac Fruechte,0.058165493985782774
1462,Marcell Ateman,0.058165493985782774
1460,Marcel Jensen,0.058165493985782774
1387,Lance Lewis,0.058165493985782774
1388,Lance McCutcheon,0.058165493985782774
875,Isaac Whitney,0.058165493985782774
1453,Malik Turner,0.058165493985782774
876,Isaiah Burse,0.058165493985782774
877,Isaiah Coulter,0.058165493985782774
214,Brandon Wegher,0.058165493985782774
906,Jace Billingsley,0.058165493985782774
1445,Malachi Dupre,0.058165493985782774
362,Chris Henry,0.058165493985782774
1440,Lynn Bowden Jr.,0.058165493985782774
1400,Lavelle Hawkins,0.058165493985782774
1402,Lavon Coleman,0.058165493985782774
1433,Lucas Krull,0.058165493985782774
1428,Lonyae Miller,0.058165493985782774
1427,Logan Woodside,0.058165493985782774
217,Brandon Zylstra,0.058165493985782774
896,J.P. Holtz,0.058165493985782774
1418,Leonard Weaver,0.058165493985782774
210,Brandon Saine,0.058165493985782774
1483,Markus Wheaton,0.058165493985782774
1557,Michael Clayton,0.058165493985782774
377,Chris Rainey,0.058165493985782774
192,Brandon Barden,0.058165493985782774
1544,Max McCaffrey,0.058165493985782774
1543,Max Komar,0.058165493985782774
1541,Maurice Stovall,0.058165493985782774
235,Brian Hill,0.058165493985782774
1535,Matthew Tucker,0.058165493985782774
197,Brandon Dillon,0.058165493985782774
1533,Matthew Slater,0.058165493985782774
1532,Matthew Orzech,0.058165493985782774
1530,Matthew Dayes,0.058165493985782774
1528,Matt Veldman,0.058165493985782774
1526,Matt Sokol,0.058165493985782774
1370,Kyric McGowan,0.058165493985782774
1520,Matt Lengel,0.058165493985782774
1518,Matt LaCosse,0.058165493985782774
232,Brian Clark,0.058165493985782774
1511,Matt Cole,0.058165493985782774
1373,LaMichael James,0.058165493985782774
1374,LaQuan Williams,0.058165493985782774
1376,LaRon Byrd,0.058165493985782774
382,Chris Williams,0.058165493985782774
1503,Marvin McNutt,0.058165493985782774
846,Hakeem Butler,0.058165493985782774
1500,Martin Rucker,0.058165493985782774
849,Hale Hentges,0.058165493985782774
1493,Marquis Bundy,0.058165493985782774
379,Chris Rowland,0.058165493985782774
914,Jacob Hollister,0.058165493985782774
859,Henry Krieger-Coble,0.058165493985782774
1293,Kenjon Barner,0.058165493985782774
400,Codey McElroy,0.058165493985782774
770,Evan Spencer,0.058165493985782774
1266,Keelan Doss,0.058165493985782774
1841,Rudy Carpenter,0.058165493985782774
698,Donteea Dye,0.058165493985782774
1836,Ross Travis,0.058165493985782774
1834,Roscoe Parrish,0.058165493985782774
706,Dreamius Smith,0.058165493985782774
422,Connor Davis,0.058165493985782774
1247,Kahale Warring,0.058165493985782774
712,Dri Archer,0.058165493985782774
1824,Roger Carter,0.058165493985782774
1248,Kahlil Bell,0.058165493985782774
1822,Rodney Adams,0.058165493985782774
1819,Rod Smith,0.058165493985782774
979,Jameson Konz,0.058165493985782774
1816,Roberto Wallace,0.058165493985782774
117,Arnaz Battle,0.058165493985782774
716,Duke Williams,0.058165493985782774
976,James Washington,0.058165493985782774
339,Chase Coffman,0.058165493985782774
1257,Kassim Osgood,0.058165493985782774
1804,Rob Myers,0.058165493985782774
1697,Patrick Turner,0.058165493985782774
1258,Kaylon Geiger,0.058165493985782774
119,Artavis Pierce,0.058165493985782774
1796,Rico Richardson,0.058165493985782774
1263,Keavon Milton,0.058165493985782774
1794,Rico Gafford,0.058165493985782774
1793,Rico Dowdle,0.058165493985782774
120,Asante Cleveland,0.058165493985782774
1264,KeeSean Johnson,0.058165493985782774
337,Chase Allen,0.058165493985782774
107,Antonio Williams,0.058165493985782774
1844,Russell Hansbrough,0.058165493985782774
1875,Saeed Blacknall,0.058165493985782774
1910,Sewo Olonilua,0.058165493985782774
1212,Julius Pruitt,0.058165493985782774
1907,Seth Devalve,0.058165493985782774
1904,Seantavius Jones,0.058165493985782774
1216,Justice Cunningham,0.058165493985782774
334,Charlie Woerner,0.058165493985782774
1899,Sean Culkin,0.058165493985782774
1898,Scotty Washington,0.058165493985782774
440,Cory Harkey,0.058165493985782774
438,Cornell Powell,0.058165493985782774
670,Dezmin Lewis,0.058165493985782774
680,Dominique Byrd,0.058165493985782774
681,Dominique Curry,0.058165493985782774
1874,Saalim Hakim,0.058165493985782774
985,Janarion Grant,0.058165493985782774
1871,Ryan Whalen,0.058165493985782774
1870,Ryan Torain,0.058165493985782774
1869,Ryan Taylor,0.058165493985782774
1224,Justin Hardee,0.058165493985782774
1866,Ryan Spadola,0.058165493985782774
1864,Ryan O'Malley,0.058165493985782774
987,Jared Bernhardt,0.058165493985782774
1856,Ryan Izzo,0.058165493985782774
1232,Justin Snow,0.058165493985782774
1233,Justin Veltung,0.058165493985782774
693,Donnie Ernsberger,0.058165493985782774
1238,K.J. Brent,0.058165493985782774
104,Antonio Gandy-Golden,0.058165493985782774
1786,Richard Quinn,0.058165493985782774
1070,Jerome Johnson,0.058165493985782774
1784,Richard Medlin,0.058165493985782774
964,James Casey,0.058165493985782774
1758,Rashawn Scott,0.058165493985782774
1757,Rashawn Jackson,0.058165493985782774
1732,Quinn Johnson,0.058165493985782774
765,Evan Baylis,0.058165493985782774
1756,Rashaun Allen,0.058165493985782774
413,Colin Cloherty,0.058165493985782774
1754,Rashard Higgins,0.058165493985782774
1718,Phillip Tanner,0.058165493985782774
412,Cole Wick,0.058165493985782774
1713,Phil Bates,0.058165493985782774
1270,Keir Thomas,0.058165493985782774
147,Ben Hartsock,0.058165493985782774
1728,Quan Cosby,0.058165493985782774
136,B.J. Cunningham,0.058165493985782774
1748,Rannell Hall,0.058165493985782774
1742,Raleigh Webb,0.058165493985782774
142,Bear Pascoe,0.058165493985782774
1730,Quincy Adeboyejo,0.058165493985782774
1278,Kellen Davis,0.058165493985782774
763,Ethan Fernea,0.058165493985782774
742,Elijah Hood,0.058165493985782774
1726,Quadree Henderson,0.058165493985782774
1762,Rashod Berry,0.058165493985782774
1725,Qadree Ollison,0.058165493985782774
1783,Richard Gordon,0.058165493985782774
1782,Richard Goodman,0.058165493985782774
1268,Keenan Reynolds,0.058165493985782774
417,Collin Franklin,0.058165493985782774
739,Eldra Buckley,0.058165493985782774
950,Jalen Parmele,0.058165493985782774
1724,Preston Williams,0.058165493985782774
768,Evan Rodriguez,0.058165493985782774
732,Easton Stick,0.058165493985782774
1733,Quinn Porter,0.058165493985782774
416,Colin Thompson,0.058165493985782774
1769,Reggie Begelton,0.058165493985782774
405,Cody Thompson,0.058165493985782774
1767,Raymond Calais,0.058165493985782774
734,Ed Eagan,0.058165493985782774
36,Alex Bachman,0.010777239572922401
578,De'Andre Presley,0.010777239572922401
1876,Sage Rosenfels,0.010777239572922401
1352,Kurt Benkert,0.010777239572922401
529,Darren McFadden,0.010777239572922401
261,Bruce Gradkowski,0.010777239572922401
213,Brandon Weeden,0.010777239572922401
259,Bronson Hill,0.010777239572922401
319,Chad Kelly,0.010777239572922401
125,Austin Davis,0.010777239572922401
1636,Nate McCrary,0.010777239572922401
648,Devante Mays,0.002035319999497809
195,Brandon Burks,-0.09087497969306185
1638,Nate Sudfeld,-0.09087497969306185
1524,Matt Schaub,-0.09087497969306185
1336,Khiry Robinson,-0.1898848487553006
579,De'Angelo Henderson,-0.2256792820851948
166,Billy Volek,-0.31981608027029773
317,Chad Henne,-0.31981608027029773
939,Jake Rudock,-0.3912586544076974
1421,Levi Brown,-0.3912586544076974
276,C.J. Beathard,-0.3912586544076974
953,Jalen Saunders,-0.39402366442483083
1277,Kellen Clemens,-0.5050815760007639
173,Blake Bortles,-0.7503166510899617
1820,Rod Streater,-0.7503166510899617
520,Darius Reynaud,-0.7780638236549865
899,JJ Jones,-0.7780638236549865
1243,KaVontae Turpin,-0.866770516573874
1577,Michael Walker,-1.2238434500444348
1903,Sean Renfree,-1.4212745253165675
449,Curtis Painter,-1.4546543155140248
1359,Kyle Lauletta,-1.4669144484940067
1731,Quincy Enunwa,-1.5261913060635004
829,Graham Harrell,-1.655419489550943
1302,Kenny Moore,-1.717070869681435
1798,Riley McCarron,-1.717070869681435
721,Dwayne Harris,-1.717070869681435
1988,Tauren Poole,-1.717070869681435
614,Denarius Moore,-1.717070869681435
1975,Taiwan Jones,-1.717070869681435
918,Jacoby Jones,-1.717070869681435
1246,Kaelin Clay,-1.717070869681435
782,Frankie Hammond,-1.717070869681435
663,Devon Wylie,-1.717070869681435
1314,Keshawn Martin,-1.717070869681435
346,Chester Rogers,-1.717070869681435
2079,Travis Benjamin,-1.717070869681435
656,Devin Moore,-1.762710792858874
1513,Matt Flynn,-1.8574766413934085
826,Glenn Winston,-2.0544929158300946
1089,Joe Adams,-2.3174644680933927
2026,Tim Boyle,-2.3259774829837534
1199,Josh Rosen,-2.3716174061611923
677,Diontae Spencer,-2.6657064723820554
231,Brian Brohm,-3.343702865487679
2041,Todd Collins,-6.1862953916196695
